7508,2016-11-5,2021-7-15,1713
8577,2017-5-31,2021-9-23,1576
9023,2017-9-4,2022-6-21,1751
9510,2017-12-30,2022-9-13,1718
10110,2018-6-29,2021-5-19,1055
10117,2018-6-30,2022-7-13,1474
10454,2018-9-28,2021-10-21,1119
10540,2018-10-20,2021-10-8,1084
10663,2018-11-18,2022-3-1,1199
10676,2018-11-22,2021-10-26,1069
11045,2019-3-2,2021-6-23,844
11048,2019-3-3,2021-10-5,947
11123,2019-3-25,2021-5-27,794
11218,2019-4-13,2022-7-22,1196
11337,2019-5-7,2021-6-9,764
11379,2019-5-17,2021-11-18,916
11414,2019-5-25,2021-10-14,873
11481,2019-6-17,2021-5-26,709
11580,2019-7-19,2021-7-30,742
11692,2019-8-21,2022-1-17,880
11841,2019-9-27,2021-10-21,755
11844,2019-9-27,2022-7-27,1034
11900,2019-10-10,2021-4-7,545
11994,2019-10-30,2021-7-2,611
12133,2019-11-24,2021-9-1,647
12187,2019-12-5,2021-8-6,610
12278,2020-1-5,2021-9-10,614
12504,2020-2-27,2022-3-29,761
12505,2020-2-28,2022-4-28,790
12580,2020-3-17,2021-3-18,366
12602,2020-3-21,2022-8-30,892
12646,2020-3-31,2022-2-14,685
12686,2020-4-8,2021-5-19,406
12687,2020-4-8,2021-12-30,631
12688,2020-4-8,2021-4-16,373
12715,2020-4-14,2022-4-22,738
12727,2020-4-15,2021-3-31,350
12807,2020-4-27,2022-4-28,731
12844,2020-5-2,2021-6-24,418
12882,2020-5-9,2021-12-8,578
12926,2020-5-17,2021-11-29,561
12963,2020-5-23,2021-7-7,410
13021,2020-6-3,2021-5-5,336
13065,2020-6-14,2022-1-20,585
13093,2020-6-20,2021-3-31,284
13201,2020-7-16,2021-5-4,292
13244,2020-7-27,2021-4-20,267
13259,2020-7-30,2021-5-20,294
13299,2020-8-12,2021-9-10,394
13326,2020-8-19,2022-3-3,561
13351,2020-8-26,2021-3-26,212
13362,2020-8-29,2021-7-13,318
13447,2020-9-22,2021-5-13,233
13526,2020-10-11,2022-2-11,488
13527,2020-10-11,2021-3-10,150
13547,2020-10-16,2021-9-7,326
13559,2020-10-18,2021-6-8,233
13599,2020-10-24,2021-3-18,145
13609,2020-10-26,2021-7-1,248
13651,2020-11-7,2022-9-13,675
13682,2020-11-14,2021-6-9,207
13692,2020-11-18,2021-5-19,182
13709,2020-11-23,2022-4-28,521
13710,2020-11-23,2021-9-8,289
13733,2020-11-29,2021-9-17,292
13736,2020-12-1,2021-11-2,336
13764,2020-12-11,2021-4-7,117
13771,2020-12-13,2021-9-10,271
13784,2020-12-17,2022-1-3,382
13799,2020-12-21,2021-7-22,213
13801,2020-12-22,2022-2-5,410
13827,2021-1-1,2021-9-1,243
13829,2021-1-2,2021-3-18,75
13841,2021-1-4,2021-4-1,87
13842,2021-1-4,2021-5-18,134
13843,2021-1-5,2021-5-31,146
13844,2021-1-5,2021-6-24,170
13850,2021-1-6,2021-12-14,342
13873,2021-1-10,2021-3-31,80
13882,2021-1-12,2021-7-1,170
13906,2021-1-18,2021-3-23,64
13910,2021-1-18,2022-1-12,359
13911,2021-1-18,2021-6-23,156
13913,2021-1-18,2021-3-17,58
13916,2021-1-19,2021-5-10,111
13918,2021-1-19,2021-5-21,122
13927,2021-1-22,2021-3-19,56
13938,2021-1-26,2021-4-2,66
13944,2021-1-28,2021-9-22,237
13945,2021-1-28,2021-8-2,186
13961,2021-2-1,2022-3-11,403
13965,2021-2-3,2021-4-9,65
14007,2021-2-13,2021-4-7,53
14011,2021-2-15,2021-4-12,56
14022,2021-2-19,2021-3-24,33
14025,2021-2-19,2022-7-13,509
14026,2021-2-21,2021-7-19,148
14031,2021-2-22,2021-3-18,24
14034,2021-2-22,2021-8-4,163
14047,2021-2-25,2021-10-21,238
14048,2021-2-25,2021-3-9,12
14068,2021-3-1,2021-10-21,234
14070,2021-3-2,2021-5-11,70
14077,2021-3-4,2021-3-23,19
14080,2021-3-4,2021-7-9,127
14086,2021-3-6,2021-3-9,3
14088,2021-3-6,2021-3-10,4
14090,2021-3-7,2021-3-12,5
14093,2021-3-8,2021-3-10,2
14094,2021-3-8,2021-3-10,2
14095,2021-3-8,2021-3-9,1
14096,2021-3-8,2021-3-9,1
14097,2021-3-8,2021-3-9,1
14099,2021-3-8,2021-3-10,2
14100,2021-3-9,2021-3-9,0
14101,2021-3-9,2021-3-9,0
14102,2021-3-9,2021-3-9,0
14103,2021-3-10,2021-3-10,0
14104,2021-3-10,2021-3-11,1
14105,2021-3-10,2021-3-10,0
14106,2021-3-10,2021-3-10,0
14107,2021-3-10,2021-3-11,1
14108,2021-3-10,2021-3-10,0
14109,2021-3-10,2021-3-12,2
14110,2021-3-10,2022-1-17,313
14111,2021-3-11,2021-11-19,253
14112,2021-3-11,2021-3-11,0
14113,2021-3-11,2021-4-9,29
14114,2021-3-11,2021-3-15,4
14115,2021-3-12,2021-3-12,0
14116,2021-3-12,2021-3-12,0
14117,2021-3-12,2021-5-20,69
14118,2021-3-12,2021-3-12,0
14119,2021-3-12,2021-3-17,5
14120,2021-3-13,2021-3-15,2
14121,2021-3-13,2021-3-13,0
14122,2021-3-13,2021-3-16,3
14123,2021-3-14,2021-3-15,1
14124,2021-3-14,2021-3-30,16
14125,2021-3-14,2021-6-23,101
14126,2021-3-14,2021-3-17,3
14127,2021-3-14,2021-3-15,1
14128,2021-3-15,2021-3-15,0
14129,2021-3-15,2021-3-16,1
14130,2021-3-15,2021-3-17,2
14131,2021-3-16,2021-3-19,3
14132,2021-3-16,2021-3-16,0
14133,2021-3-16,2021-3-16,0
14134,2021-3-16,2021-4-9,24
14135,2021-3-16,2021-3-19,3
14136,2021-3-16,2021-3-24,8
14137,2021-3-16,2021-7-8,114
14138,2021-3-17,2021-3-30,13
14139,2021-3-17,2021-3-17,0
14140,2021-3-17,2021-3-18,1
14141,2021-3-17,2021-3-17,0
14142,2021-3-17,2021-4-13,27
14143,2021-3-17,2021-3-18,1
14144,2021-3-18,2021-3-18,0
14145,2021-3-18,2021-3-19,1
14147,2021-3-18,2022-5-24,432
14148,2021-3-18,2021-3-20,2
14149,2021-3-19,2021-3-24,5
14150,2021-3-19,2021-6-1,74
14151,2021-3-19,2021-3-19,0
14152,2021-3-19,2021-3-19,0
14153,2021-3-19,2021-3-22,3
14154,2021-3-19,2021-3-19,0
14155,2021-3-19,2021-3-29,10
14156,2021-3-19,2021-3-19,0
14157,2021-3-19,2021-3-23,4
14158,2021-3-19,2021-3-28,9
14159,2021-3-19,2021-7-5,108
14160,2021-3-19,2021-3-22,3
14161,2021-3-20,2021-4-22,33
14162,2021-3-20,2021-6-22,94
14163,2021-3-20,2021-3-25,5
14164,2021-3-21,2021-3-22,1
14165,2021-3-21,2021-3-22,1
14166,2021-3-22,2021-3-22,0
14167,2021-3-22,2021-3-23,1
14168,2021-3-22,2021-3-23,1
14169,2021-3-23,2021-3-25,2
14170,2021-3-23,2021-3-24,1
14171,2021-3-23,2021-3-25,2
14172,2021-3-23,2021-3-24,1
14173,2021-3-24,2021-7-15,113
14174,2021-3-24,2021-3-24,0
14175,2021-3-24,2021-3-24,0
14176,2021-3-24,2021-3-25,1
14177,2021-3-24,2021-3-24,0
14178,2021-3-24,2021-3-25,1
14179,2021-3-25,2021-3-25,0
14180,2021-3-25,2021-4-2,8
14181,2021-3-25,2021-3-26,1
14182,2021-3-25,2021-3-29,4
14183,2021-3-25,2021-3-25,0
14184,2021-3-25,2021-3-25,0
14185,2021-3-25,2021-3-25,0
14186,2021-3-25,2021-3-25,0
14187,2021-3-25,2021-4-3,9
14188,2021-3-25,2022-1-17,298
14189,2021-3-26,2021-3-30,4
14190,2021-3-26,2021-3-26,0
14191,2021-3-26,2021-3-26,0
14192,2021-3-26,2021-3-26,0
14193,2021-3-26,2021-3-26,0
14194,2021-3-26,2021-3-30,4
14195,2021-3-27,2021-3-30,3
14196,2021-3-27,2021-3-30,3
14197,2021-3-27,2021-3-27,0
14198,2021-3-28,2021-3-29,1
14199,2021-3-28,2021-3-29,1
14200,2021-3-28,2021-10-5,191
14201,2021-3-29,2021-3-29,0
14202,2021-3-30,2021-3-30,0
14203,2021-3-30,2021-3-31,1
14204,2021-3-31,2021-3-31,0
14205,2021-3-31,2021-3-31,0
14206,2021-4-1,2021-4-3,2
14207,2021-4-1,2021-5-20,49
14208,2021-4-1,2021-4-1,0
14209,2021-4-3,2021-4-3,0
14210,2021-4-3,2021-4-3,0
14211,2021-4-3,2021-5-28,55
14212,2021-4-3,2021-4-7,4
14213,2021-4-3,2021-4-8,5
14214,2021-4-3,2021-4-19,16
14217,2021-4-5,2021-4-5,0
14218,2021-4-5,2021-4-5,0
14219,2021-4-5,2021-4-6,1
14220,2021-4-5,2022-4-22,382
14221,2021-4-6,2021-4-6,0
14223,2021-4-6,2021-4-6,0
14224,2021-4-6,2021-4-6,0
14225,2021-4-6,2021-4-7,1
14226,2021-4-6,2021-4-7,1
14227,2021-4-6,2021-4-7,1
14228,2021-4-6,2021-4-7,1
14229,2021-4-7,2022-1-20,288
14230,2021-4-7,2021-4-19,12
14231,2021-4-7,2021-4-7,0
14233,2021-4-7,2021-4-10,3
14234,2021-4-7,2021-4-7,0
14235,2021-4-8,2021-4-8,0
14236,2021-4-8,2021-4-8,0
14237,2021-4-8,2021-4-20,12
14238,2021-4-8,2021-4-8,0
14239,2021-4-9,2021-4-9,0
14240,2021-4-9,2021-4-9,0
14241,2021-4-9,2021-4-13,4
14242,2021-4-9,2021-4-9,0
14243,2021-4-9,2021-4-13,4
14244,2021-4-9,2021-4-10,1
14245,2021-4-10,2021-4-10,0
14246,2021-4-10,2022-6-23,439
14248,2021-4-10,2021-4-22,12
14249,2021-4-11,2021-4-11,0
14250,2021-4-12,2022-2-9,303
14251,2021-4-12,2021-4-12,0
14252,2021-4-13,2021-4-13,0
14253,2021-4-13,2021-5-4,21
14254,2021-4-13,2021-4-13,0
14255,2021-4-13,2021-4-14,1
14256,2021-4-13,2021-4-19,6
14258,2021-4-13,2021-4-13,0
14259,2021-4-13,2021-4-14,1
14260,2021-4-13,2022-7-1,444
14261,2021-4-14,2021-4-15,1
14262,2021-4-14,2021-4-14,0
14263,2021-4-14,2021-4-14,0
14264,2021-4-14,2021-4-15,1
14265,2021-4-14,2021-4-14,0
14266,2021-4-14,2021-4-15,1
14268,2021-4-14,2021-5-7,23
14269,2021-4-14,2021-4-15,1
14270,2021-4-15,2021-4-15,0
14271,2021-4-15,2021-4-21,6
14272,2021-4-15,2021-4-16,1
14274,2021-4-16,2021-7-7,82
14275,2021-4-17,2021-7-7,81
14276,2021-4-17,2021-4-19,2
14277,2021-4-17,2021-4-17,0
14278,2021-4-17,2021-4-17,0
14279,2021-4-17,2021-4-19,2
14280,2021-4-18,2021-4-19,1
14281,2021-4-18,2021-11-11,207
14282,2021-4-19,2021-4-20,1
14283,2021-4-20,2021-4-20,0
14284,2021-4-20,2021-4-20,0
14285,2021-4-20,2021-4-20,0
14286,2021-4-20,2021-4-20,0
14287,2021-4-20,2021-4-20,0
14288,2021-4-20,2021-4-21,1
14289,2021-4-21,2021-4-21,0
14290,2021-4-21,2021-4-23,2
14291,2021-4-21,2021-4-21,0
14292,2021-4-21,2021-4-21,0
14294,2021-4-21,2021-4-22,1
14295,2021-4-21,2021-4-21,0
14296,2021-4-21,2021-4-22,1
14298,2021-4-22,2021-4-22,0
14299,2021-4-22,2021-4-22,0
14300,2021-4-22,2021-4-22,0
14301,2021-4-22,2021-4-22,0
14302,2021-4-22,2021-4-23,1
14303,2021-4-22,2021-4-23,1
14304,2021-4-23,2021-4-23,0
14305,2021-4-23,2021-4-23,0
14306,2021-4-23,2021-4-30,7
14307,2021-4-23,2021-4-26,3
14308,2021-4-24,2021-4-26,2
14309,2021-4-24,2021-4-28,4
14310,2021-4-24,2021-4-25,1
14311,2021-4-25,2021-5-26,31
14312,2021-4-26,2021-4-27,1
14313,2021-4-26,2021-4-27,1
14314,2021-4-26,2021-4-27,1
14315,2021-4-26,2021-4-27,1
14316,2021-4-26,2021-4-26,0
14317,2021-4-26,2021-4-29,3
14319,2021-4-28,2021-4-28,0
14320,2021-4-28,2021-4-28,0
14321,2021-4-28,2021-4-28,0
14322,2021-4-28,2021-4-29,1
14323,2021-4-28,2021-4-29,1
14324,2021-4-28,2021-5-29,31
14325,2021-4-28,2021-5-17,19
14326,2021-4-28,2021-4-30,2
14327,2021-4-29,2021-4-29,0
14328,2021-4-29,2021-4-29,0
14329,2021-4-29,2021-4-29,0
14330,2021-4-29,2021-4-29,0
14331,2021-4-29,2021-4-30,1
14332,2021-4-29,2021-4-30,1
14333,2021-4-29,2022-7-25,452
14334,2021-4-29,2021-5-5,6
14335,2021-4-30,2021-4-30,0
14336,2021-4-30,2021-5-4,4
14337,2021-4-30,2021-5-7,7
14338,2021-4-30,2021-4-30,0
14339,2021-5-3,2021-5-4,1
14341,2021-5-3,2021-5-5,2
14342,2021-5-3,2021-5-17,14
14343,2021-5-3,2021-9-11,131
14344,2021-5-4,2021-5-4,0
14345,2021-5-4,2021-5-4,0
14346,2021-5-4,2021-5-4,0
14347,2021-5-4,2022-7-12,434
14348,2021-5-4,2021-5-6,2
14349,2021-5-4,2021-5-6,2
14350,2021-5-4,2021-5-5,1
14351,2021-5-5,2021-5-5,0
14352,2021-5-5,2021-5-5,0
14353,2021-5-5,2021-5-6,1
14354,2021-5-5,2021-5-7,2
14355,2021-5-5,2021-5-12,7
14356,2021-5-5,2021-5-7,2
14357,2021-5-6,2021-5-6,0
14358,2021-5-6,2021-5-6,0
14362,2021-5-6,2021-5-6,0
14363,2021-5-6,2021-5-6,0
14364,2021-5-6,2021-5-13,7
14365,2021-5-7,2021-5-11,4
14366,2021-5-7,2021-5-7,0
14367,2021-5-7,2021-7-2,56
14368,2021-5-8,2021-6-24,47
14369,2021-5-9,2021-5-10,1
14370,2021-5-9,2021-5-12,3
14371,2021-5-9,2021-5-10,1
14372,2021-5-10,2021-5-13,3
14373,2021-5-10,2021-5-12,2
14374,2021-5-10,2021-5-12,2
14375,2021-5-10,2021-5-18,8
14376,2021-5-10,2021-5-12,2
14377,2021-5-10,2021-5-15,5
14378,2021-5-10,2021-5-12,2
14379,2021-5-11,2021-5-11,0
14381,2021-5-11,2021-5-12,1
14382,2021-5-11,2021-5-14,3
14383,2021-5-11,2021-5-12,1
14384,2021-5-12,2021-5-12,0
14385,2021-5-12,2021-9-22,133
14386,2021-5-12,2021-5-19,7
14387,2021-5-13,2021-5-13,0
14388,2021-5-13,2021-5-14,1
14389,2021-5-13,2021-6-22,40
14390,2021-5-14,2021-5-14,0
14391,2021-5-14,2021-6-4,21
14392,2021-5-14,2022-9-13,487
14393,2021-5-14,2021-5-17,3
14394,2021-5-14,2021-5-19,5
14395,2021-5-14,2021-5-18,4
14396,2021-5-14,2021-5-21,7
14397,2021-5-14,2021-5-14,0
14399,2021-5-14,2021-5-18,4
14400,2021-5-16,2021-5-17,1
14401,2021-5-16,2021-6-22,37
14402,2021-5-17,2021-7-7,51
14403,2021-5-17,2021-5-18,1
14404,2021-5-17,2021-5-18,1
14405,2021-5-17,2021-5-17,0
14406,2021-5-17,2022-4-22,340
14407,2021-5-17,2021-5-26,9
14409,2021-5-18,2021-5-18,0
14410,2021-5-18,2021-5-18,0
14411,2021-5-19,2021-5-19,0
14412,2021-5-19,2021-5-19,0
14413,2021-5-19,2021-5-19,0
14414,2021-5-19,2021-5-19,0
14415,2021-5-19,2021-7-13,55
14416,2021-5-19,2021-9-1,105
14417,2021-5-19,2021-7-2,44
14418,2021-5-19,2021-5-20,1
14419,2021-5-19,2021-5-20,1
14420,2021-5-19,2021-5-26,7
14421,2021-5-19,2021-5-22,3
14422,2021-5-20,2021-5-20,0
14423,2021-5-20,2021-5-20,0
14424,2021-5-20,2021-5-20,0
14425,2021-5-20,2021-5-21,1
14426,2021-5-20,2021-5-26,6
14427,2021-5-21,2021-6-4,14
14428,2021-5-21,2021-6-10,20
14429,2021-5-21,2021-5-24,3
14430,2021-5-22,2021-7-2,41
14431,2021-5-22,2021-5-22,0
14432,2021-5-22,2021-5-24,2
14433,2021-5-23,2021-5-23,0
14434,2021-5-23,2021-5-24,1
14435,2021-5-23,2021-5-24,1
14436,2021-5-23,2021-6-29,37
14437,2021-5-24,2021-9-14,113
14438,2021-5-24,2021-5-24,0
14439,2021-5-24,2021-5-24,0
14440,2021-5-24,2021-10-21,150
14441,2021-5-24,2021-9-2,101
14442,2021-5-24,2021-5-25,1
14444,2021-5-24,2021-5-25,1
14445,2021-5-25,2021-5-25,0
14446,2021-5-25,2021-5-25,0
14447,2021-5-25,2021-5-26,1
14448,2021-5-25,2021-6-30,36
14449,2021-5-26,2021-5-26,0
14450,2021-5-26,2021-5-26,0
14451,2021-5-26,2021-5-27,1
14452,2021-5-26,2021-5-27,1
14453,2021-5-26,2021-6-22,27
14454,2021-5-27,2021-5-27,0
14455,2021-5-27,2021-5-27,0
14456,2021-5-27,2021-5-27,0
14457,2021-5-27,2021-6-23,27
14458,2021-5-27,2021-5-28,1
14459,2021-5-27,2021-5-28,1
14460,2021-5-28,2021-6-1,4
14461,2021-5-28,2021-5-29,1
14462,2021-5-29,2021-5-29,0
14464,2021-5-29,2021-5-31,2
14465,2021-5-30,2021-6-8,9
14466,2021-5-30,2021-6-7,8
14467,2021-5-30,2021-5-31,1
14468,2021-5-30,2021-5-31,1
14469,2021-5-31,2021-5-31,0
14470,2021-5-31,2021-6-1,1
14471,2021-5-31,2021-6-1,1
14472,2021-5-31,2022-6-4,369
14473,2021-6-2,2021-6-2,0
14474,2021-6-2,2021-6-2,0
14475,2021-6-2,2021-6-2,0
14476,2021-6-2,2021-6-2,0
14477,2021-6-2,2021-6-3,1
14478,2021-6-2,2021-6-3,1
14479,2021-6-2,2021-6-3,1
14480,2021-6-2,2022-3-4,275
14482,2021-6-3,2021-6-3,0
14483,2021-6-3,2021-6-4,1
14484,2021-6-4,2021-6-7,3
14485,2021-6-4,2021-6-28,24
14486,2021-6-4,2021-6-4,0
14487,2021-6-4,2021-6-7,3
14488,2021-6-5,2021-6-5,0
14489,2021-6-5,2021-6-5,0
14490,2021-6-5,2021-6-5,0
14491,2021-6-5,2021-6-5,0
14492,2021-6-5,2021-6-5,0
14493,2021-6-5,2021-6-7,2
14494,2021-6-5,2021-7-9,34
14495,2021-6-5,2021-8-30,86
14496,2021-6-5,2021-6-5,0
14497,2021-6-6,2021-6-7,1
14498,2021-6-7,2021-6-7,0
14500,2021-6-8,2021-6-8,0
14501,2021-6-8,2021-6-8,0
14502,2021-6-8,2021-6-8,0
14503,2021-6-8,2021-6-11,3
14504,2021-6-8,2021-6-10,2
14505,2021-6-9,2021-6-9,0
14506,2021-6-9,2021-6-9,0
14507,2021-6-9,2021-6-11,2
14508,2021-6-9,2021-6-15,6
14510,2021-6-10,2021-6-10,0
14511,2021-6-10,2021-6-10,0
14512,2021-6-10,2021-6-10,0
14513,2021-6-10,2021-6-11,1
14514,2021-6-10,2021-6-10,0
14515,2021-6-10,2021-9-13,95
14516,2021-6-11,2021-6-22,11
14517,2021-6-11,2021-8-27,77
14518,2021-6-11,2021-6-24,13
14519,2021-6-11,2021-9-13,94
14520,2021-6-11,2021-6-13,2
14521,2021-6-11,2021-6-15,4
14522,2021-6-12,2021-6-22,10
14523,2021-6-12,2021-6-12,0
14524,2021-6-12,2021-6-22,10
14525,2021-6-12,2021-7-30,48
14526,2021-6-14,2021-7-18,34
14527,2021-6-14,2021-6-14,0
14528,2021-6-16,2021-6-21,5
14529,2021-6-16,2021-6-16,0
14531,2021-6-17,2021-6-22,5
14532,2021-6-17,2022-5-12,329
14534,2021-6-17,2021-8-4,48
14535,2021-6-17,2021-6-21,4
14536,2021-6-17,2021-6-22,5
14537,2021-6-17,2021-6-21,4
14538,2021-6-17,2021-11-4,140
14539,2021-6-19,2021-7-7,18
14540,2021-6-19,2021-6-20,1
14541,2021-6-19,2021-6-21,2
14542,2021-6-20,2021-6-23,3
14543,2021-6-20,2021-6-21,1
14544,2021-6-20,2021-6-20,0
14545,2021-6-20,2021-6-25,5
14546,2021-6-21,2021-6-22,1
14548,2021-6-21,2021-6-22,1
14549,2021-6-21,2021-6-22,1
14550,2021-6-22,2021-11-1,132
14551,2021-6-22,2021-6-22,0
14552,2021-6-22,2021-6-28,6
14553,2021-6-22,2021-6-22,0
14554,2021-6-24,2021-6-24,0
14555,2021-6-24,2021-6-24,0
14556,2021-6-24,2021-6-24,0
14557,2021-6-24,2021-6-26,2
14558,2021-6-24,2021-6-28,4
14559,2021-6-26,2021-6-29,3
14561,2021-6-27,2021-6-28,1
14562,2021-6-28,2021-6-29,1
14563,2021-6-28,2021-6-28,0
14564,2021-6-28,2021-6-30,2
14565,2021-6-28,2021-6-29,1
14566,2021-6-28,2021-6-30,2
14567,2021-6-28,2021-6-29,1
14568,2021-6-29,2021-6-29,0
14569,2021-6-29,2021-7-16,17
14570,2021-6-29,2021-6-30,1
14571,2021-6-29,2021-7-6,7
14572,2021-6-29,2021-6-29,0
14573,2021-6-30,2021-6-30,0
14574,2021-6-30,2021-7-5,5
14575,2021-6-30,2021-7-6,6
14576,2021-6-30,2021-7-1,1
14577,2021-7-1,2021-7-1,0
14578,2021-7-1,2021-7-1,0
14579,2021-7-1,2021-7-1,0
14580,2021-7-1,2021-7-1,0
14581,2021-7-1,2021-7-1,0
14582,2021-7-1,2021-7-6,5
14583,2021-7-1,2021-7-3,2
14584,2021-7-2,2021-7-2,0
14585,2021-7-2,2021-7-7,5
14586,2021-7-2,2021-7-5,3
14587,2021-7-2,2021-8-25,54
14588,2021-7-4,2021-7-12,8
14590,2021-7-4,2021-7-4,0
14591,2021-7-5,2021-7-5,0
14592,2021-7-5,2021-7-5,0
14593,2021-7-5,2021-7-6,1
14594,2021-7-5,2021-7-6,1
14595,2021-7-5,2021-7-5,0
14596,2021-7-5,2021-7-5,0
14598,2021-7-5,2021-7-13,8
14599,2021-7-6,2021-7-23,17
14600,2021-7-6,2021-7-6,0
14601,2021-7-6,2021-7-6,0
14602,2021-7-7,2021-7-7,0
14603,2021-7-7,2021-7-8,1
14604,2021-7-7,2021-7-14,7
14605,2021-7-7,2021-7-7,0
14606,2021-7-7,2021-7-7,0
14607,2021-7-7,2021-8-27,51
14608,2021-7-7,2021-7-15,8
14610,2021-7-8,2021-7-8,0
14611,2021-7-8,2021-11-27,142
14612,2021-7-8,2021-7-9,1
14613,2021-7-8,2021-7-8,0
14614,2021-7-8,2021-8-3,26
14615,2021-7-8,2021-7-9,1
14616,2021-7-9,2021-7-9,0
14617,2021-7-9,2021-7-9,0
14618,2021-7-9,2021-7-9,0
14619,2021-7-9,2021-7-9,0
14620,2021-7-9,2021-7-13,4
14621,2021-7-9,2021-7-12,3
14622,2021-7-11,2022-3-13,245
14623,2021-7-11,2021-7-11,0
14624,2021-7-12,2021-7-12,0
14625,2021-7-12,2022-5-10,302
14626,2021-7-12,2021-7-12,0
14627,2021-7-12,2021-8-2,21
14628,2021-7-12,2021-7-12,0
14629,2021-7-12,2021-7-13,1
14630,2021-7-12,2021-7-13,1
14631,2021-7-13,2021-7-15,2
14632,2021-7-13,2021-7-13,0
14634,2021-7-13,2021-7-14,1
14635,2021-7-13,2021-7-13,0
14636,2021-7-14,2021-7-15,1
14637,2021-7-14,2021-7-14,0
14638,2021-7-14,2021-7-14,0
14639,2021-7-15,2021-7-15,0
14640,2021-7-15,2021-7-26,11
14641,2021-7-15,2021-7-16,1
14642,2021-7-15,2021-7-15,0
14643,2021-7-15,2021-8-2,18
14644,2021-7-15,2021-7-15,0
14645,2021-7-15,2021-7-21,6
14646,2021-7-15,2021-7-16,1
14647,2021-7-15,2021-7-16,1
14648,2021-7-15,2021-7-16,1
14649,2021-7-15,2021-7-16,1
14650,2021-7-16,2021-7-22,6
14651,2021-7-16,2021-7-27,11
14653,2021-7-16,2021-7-16,0
14654,2021-7-17,2021-7-17,0
14655,2021-7-17,2021-7-17,0
14656,2021-7-17,2021-7-19,2
14657,2021-7-17,2021-7-19,2
14658,2021-7-18,2021-7-20,2
14659,2021-7-18,2021-7-19,1
14660,2021-7-18,2021-7-23,5
14661,2021-7-18,2021-7-19,1
14662,2021-7-19,2021-7-19,0
14663,2021-7-19,2021-10-1,74
14664,2021-7-19,2021-7-29,10
14665,2021-7-19,2021-7-20,1
14666,2021-7-19,2021-7-27,8
14667,2021-7-19,2021-7-20,1
14668,2021-7-20,2021-7-20,0
14669,2021-7-20,2021-9-9,51
14670,2021-7-20,2021-7-30,10
14672,2021-7-20,2021-7-26,6
14673,2021-7-20,2021-10-3,75
14674,2021-7-20,2021-7-22,2
14676,2021-7-20,2021-7-31,11
14677,2021-7-20,2022-7-27,372
14678,2021-7-21,2021-7-21,0
14679,2021-7-22,2021-7-22,0
14680,2021-7-22,2021-7-22,0
14681,2021-7-22,2021-7-23,1
14682,2021-7-22,2021-7-23,1
14684,2021-7-23,2021-7-26,3
14685,2021-7-23,2021-7-23,0
14687,2021-7-23,2021-10-6,75
14688,2021-7-23,2021-7-29,6
14689,2021-7-23,2021-10-1,70
14690,2021-7-24,2022-7-12,353
14691,2021-7-24,2021-7-26,2
14692,2021-7-24,2021-7-24,0
14693,2021-7-24,2021-9-10,48
14694,2021-7-25,2021-8-31,37
14695,2021-7-26,2021-7-26,0
14696,2021-7-26,2021-7-26,0
14697,2021-7-26,2021-7-28,2
14698,2021-7-26,2021-7-27,1
14699,2021-7-26,2021-7-28,2
14700,2021-7-26,2021-7-27,1
14701,2021-7-26,2021-7-27,1
14702,2021-7-27,2021-7-27,0
14703,2021-7-27,2021-7-28,1
14704,2021-7-27,2021-7-29,2
14705,2021-7-27,2021-7-28,1
14706,2021-7-27,2021-7-28,1
14707,2021-7-27,2021-7-28,1
14708,2021-7-28,2021-7-29,1
14709,2021-7-28,2021-9-20,54
14710,2021-7-28,2021-8-2,5
14711,2021-7-29,2021-7-29,0
14712,2021-7-29,2021-7-30,1
14713,2021-7-29,2021-7-30,1
14714,2021-7-29,2021-7-29,0
14715,2021-7-29,2021-7-29,0
14716,2021-7-29,2021-7-29,0
14717,2021-7-29,2021-7-30,1
14718,2021-7-30,2021-7-30,0
14719,2021-7-30,2021-8-6,7
14720,2021-7-30,2021-8-2,3
14721,2021-7-31,2021-8-2,2
14722,2021-7-31,2021-10-25,86
14723,2021-8-1,2021-8-3,2
14724,2021-8-1,2021-11-8,99
14725,2021-8-1,2022-1-28,180
14726,2021-8-2,2021-8-2,0
14727,2021-8-2,2021-8-4,2
14728,2021-8-2,2021-10-4,63
14729,2021-8-3,2021-8-3,0
14730,2021-8-3,2021-8-6,3
14731,2021-8-3,2022-1-13,163
14732,2021-8-3,2021-8-4,1
14733,2021-8-3,2021-8-3,0
14734,2021-8-3,2021-8-3,0
14735,2021-8-3,2021-9-24,52
14736,2021-8-3,2021-9-10,38
14737,2021-8-3,2021-8-19,16
14738,2021-8-3,2021-8-10,7
14739,2021-8-3,2021-8-25,22
14740,2021-8-3,2021-8-25,22
14741,2021-8-3,2021-8-4,1
14742,2021-8-4,2021-8-4,0
14743,2021-8-4,2021-8-5,1
14744,2021-8-4,2021-8-5,1
14745,2021-8-5,2021-8-6,1
14746,2021-8-5,2021-8-13,8
14747,2021-8-6,2021-8-9,3
14748,2021-8-6,2021-8-9,3
14749,2021-8-6,2021-8-9,3
14750,2021-8-6,2021-11-3,89
14751,2021-8-7,2022-1-10,156
14752,2021-8-7,2021-8-10,3
14753,2021-8-8,2021-8-9,1
14754,2021-8-8,2021-8-9,1
14755,2021-8-8,2021-8-9,1
14756,2021-8-9,2021-11-16,99
14757,2021-8-9,2021-8-9,0
14758,2021-8-9,2021-8-9,0
14759,2021-8-10,2021-8-24,14
14760,2021-8-10,2021-8-11,1
14761,2021-8-11,2021-8-17,6
14762,2021-8-11,2021-10-14,64
14763,2021-8-11,2021-10-12,62
14764,2021-8-12,2021-8-19,7
14765,2021-8-12,2021-8-19,7
14766,2021-8-12,2021-8-20,8
14767,2021-8-13,2021-9-16,34
14769,2021-8-14,2021-8-19,5
14770,2021-8-14,2021-9-29,46
14771,2021-8-15,2021-9-29,45
14772,2021-8-15,2021-8-19,4
14773,2021-8-15,2021-8-17,2
14774,2021-8-16,2021-8-16,0
14775,2021-8-17,2021-12-30,135
14776,2021-8-18,2021-11-29,103
14777,2021-8-18,2021-8-19,1
14778,2021-8-18,2021-8-23,5
14779,2021-8-18,2021-8-19,1
14780,2021-8-19,2021-8-19,0
14781,2021-8-20,2021-8-20,0
14782,2021-8-20,2021-8-20,0
14784,2021-8-20,2022-3-3,195
14785,2021-8-21,2021-9-28,38
14787,2021-8-23,2021-10-20,58
14788,2021-8-23,2021-8-23,0
14789,2021-8-23,2021-8-24,1
14790,2021-8-24,2021-8-24,0
14791,2021-8-24,2021-8-26,2
14792,2021-8-24,2021-8-30,6
14793,2021-8-24,2021-8-24,0
14794,2021-8-24,2022-4-22,241
14795,2021-8-24,2021-8-24,0
14796,2021-8-24,2021-8-30,6
14797,2021-8-25,2021-8-26,1
14798,2021-8-25,2021-9-20,26
14799,2021-8-25,2021-8-26,1
14800,2021-8-25,2021-11-9,76
14801,2021-8-26,2021-8-27,1
14802,2021-8-26,2021-9-7,12
14803,2021-8-26,2021-8-27,1
14805,2021-8-27,2021-10-12,46
14806,2021-8-28,2021-8-28,0
14807,2021-8-28,2022-1-18,143
14808,2021-8-28,2021-8-28,0
14809,2021-8-30,2021-8-31,1
14810,2021-8-30,2021-8-31,1
14811,2021-8-30,2022-7-1,305
14812,2021-8-30,2021-9-3,4
14813,2021-8-30,2021-8-30,0
14814,2021-8-31,2021-8-31,0
14815,2021-8-31,2021-9-9,9
14816,2021-8-31,2021-8-31,0
14817,2021-8-31,2021-9-3,3
14818,2021-8-31,2021-9-1,1
14819,2021-9-1,2021-9-20,19
14820,2021-9-1,2021-9-1,0
14822,2021-9-1,2021-9-1,0
14823,2021-9-1,2021-9-30,29
14826,2021-9-2,2021-9-2,0
14827,2021-9-2,2021-9-2,0
14828,2021-9-2,2021-9-2,0
14829,2021-9-2,2021-9-2,0
14830,2021-9-2,2021-9-2,0
14831,2021-9-2,2021-10-21,49
14832,2021-9-3,2021-9-8,5
14833,2021-9-3,2021-9-17,14
14835,2021-9-4,2021-9-4,0
14836,2021-9-5,2021-9-6,1
14837,2021-9-5,2021-9-6,1
14838,2021-9-7,2021-9-8,1
14839,2021-9-7,2021-9-7,0
14840,2021-9-7,2021-9-10,3
14841,2021-9-8,2021-9-13,5
14842,2021-9-8,2021-9-9,1
14843,2021-9-8,2022-4-27,231
14844,2021-9-9,2021-9-9,0
14845,2021-9-9,2021-9-9,0
14846,2021-9-9,2021-9-14,5
14847,2021-9-9,2022-1-17,130
14848,2021-9-9,2021-9-16,7
14850,2021-9-9,2021-9-10,1
14852,2021-9-10,2021-9-10,0
14853,2021-9-11,2021-9-13,2
14854,2021-9-12,2021-9-12,0
14855,2021-9-14,2021-9-18,4
14856,2021-9-14,2021-9-14,0
14857,2021-9-14,2021-9-17,3
14858,2021-9-15,2021-9-16,1
14859,2021-9-15,2021-9-15,0
14860,2021-9-16,2021-9-20,4
14861,2021-9-16,2021-9-21,5
14862,2021-9-16,2021-9-16,0
14863,2021-9-16,2021-9-17,1
14864,2021-9-17,2021-9-17,0
14865,2021-9-17,2021-9-20,3
14866,2021-9-17,2021-9-18,1
14868,2021-9-20,2021-9-20,0
14869,2021-9-20,2021-9-20,0
14870,2021-9-20,2021-9-21,1
14871,2021-9-20,2021-9-21,1
14873,2021-9-21,2021-9-21,0
14874,2021-9-21,2021-9-21,0
14875,2021-9-21,2021-9-21,0
14876,2021-9-21,2021-9-24,3
14877,2021-9-21,2021-9-22,1
14878,2021-9-21,2021-10-26,35
14879,2021-9-22,2021-9-22,0
14880,2021-9-22,2021-10-6,14
14881,2021-9-22,2021-9-22,0
14882,2021-9-22,2021-9-22,0
14883,2021-9-22,2021-9-22,0
14884,2021-9-22,2021-9-24,2
14885,2021-9-23,2021-10-4,11
14886,2021-9-23,2021-9-23,0
14887,2021-9-23,2021-9-24,1
14888,2021-9-23,2021-9-23,0
14889,2021-9-23,2021-9-23,0
14890,2021-9-23,2021-9-24,1
14891,2021-9-23,2021-10-4,11
14892,2021-9-24,2021-9-27,3
14893,2021-9-24,2021-9-24,0
14894,2021-9-24,2021-9-29,5
14895,2021-9-24,2021-9-27,3
14896,2021-9-25,2021-9-28,3
14897,2021-9-25,2021-9-27,2
14898,2021-9-25,2021-9-27,2
14899,2021-9-26,2021-12-1,66
14900,2021-9-26,2021-9-27,1
14901,2021-9-27,2021-9-27,0
14902,2021-9-27,2021-9-27,0
14903,2021-9-27,2021-9-29,2
14904,2021-9-27,2021-9-30,3
14906,2021-9-27,2021-9-27,0
14907,2021-9-28,2021-9-28,0
14908,2021-9-28,2021-9-28,0
14909,2021-9-28,2021-9-29,1
14911,2021-9-29,2021-9-30,1
14913,2021-9-29,2021-10-7,8
14915,2021-9-29,2021-9-30,1
14916,2021-9-30,2021-9-30,0
14917,2021-9-30,2021-10-6,6
14918,2021-9-30,2021-10-1,1
14919,2021-9-30,2021-11-12,43
14920,2021-10-1,2021-10-5,4
14921,2021-10-1,2021-10-1,0
14922,2021-10-1,2021-10-28,27
14923,2021-10-1,2021-10-1,0
14924,2021-10-2,2021-10-7,5
14925,2021-10-2,2021-11-17,46
14926,2021-10-2,2021-10-2,0
14927,2021-10-2,2021-10-8,6
14928,2021-10-3,2021-10-4,1
14929,2021-10-3,2021-10-27,24
14930,2021-10-3,2021-10-4,1
14931,2021-10-3,2021-10-4,1
14933,2021-10-4,2021-10-4,0
14934,2021-10-4,2021-10-4,0
14935,2021-10-4,2021-10-6,2
14936,2021-10-5,2021-10-5,0
14937,2021-10-5,2021-10-5,0
14938,2021-10-5,2021-10-5,0
14939,2021-10-5,2022-1-17,104
14941,2021-10-5,2021-10-6,1
14942,2021-10-5,2021-10-5,0
14943,2021-10-5,2021-10-6,1
14944,2021-10-5,2021-10-8,3
14945,2021-10-5,2021-10-16,11
14946,2021-10-5,2021-10-11,6
14947,2021-10-5,2021-10-6,1
14948,2021-10-6,2021-10-6,0
14949,2021-10-6,2021-10-6,0
14950,2021-10-6,2021-10-6,0
14951,2021-10-6,2021-10-6,0
14952,2021-10-6,2021-10-6,0
14953,2021-10-7,2021-10-7,0
14954,2021-10-7,2021-10-7,0
14956,2021-10-8,2022-3-13,156
14957,2021-10-8,2021-10-8,0
14958,2021-10-8,2022-1-17,101
14959,2021-10-8,2021-10-8,0
14960,2021-10-8,2021-10-12,4
14961,2021-10-8,2021-10-8,0
14962,2021-10-8,2021-10-11,3
14963,2021-10-9,2021-10-11,2
14964,2021-10-9,2021-10-9,0
14965,2021-10-9,2021-10-14,5
14967,2021-10-9,2021-11-15,37
14968,2021-10-10,2021-10-13,3
14969,2021-10-11,2021-11-11,31
14970,2021-10-11,2021-10-11,0
14971,2021-10-11,2021-10-11,0
14972,2021-10-11,2021-10-12,1
14973,2021-10-11,2021-10-12,1
14974,2021-10-11,2021-10-11,0
14975,2021-10-11,2021-10-11,0
14976,2021-10-12,2021-10-12,0
14977,2021-10-12,2021-10-18,6
14978,2021-10-12,2021-10-13,1
14979,2021-10-12,2021-10-12,0
14980,2021-10-12,2021-10-12,0
14981,2021-10-12,2021-11-18,37
14982,2021-10-12,2021-10-13,1
14983,2021-10-12,2021-10-15,3
14984,2021-10-13,2021-12-7,55
14985,2021-10-13,2021-10-14,1
14986,2021-10-13,2021-11-3,21
14988,2021-10-14,2021-10-14,0
14989,2021-10-14,2021-10-15,1
14990,2021-10-14,2021-10-14,0
14991,2021-10-14,2021-10-14,0
14992,2021-10-14,2021-10-15,1
14993,2021-10-14,2021-10-15,1
14994,2021-10-15,2021-10-21,6
14995,2021-10-15,2021-12-9,55
14996,2021-10-15,2021-10-19,4
14997,2021-10-15,2021-10-18,3
14998,2021-10-16,2021-10-16,0
14999,2021-10-16,2021-10-27,11
15000,2021-10-16,2021-10-18,2
15001,2021-10-16,2021-10-18,2
15002,2021-10-16,2021-10-18,2
15003,2021-10-18,2021-10-18,0
15004,2021-10-18,2021-10-19,1
15005,2021-10-18,2021-10-20,2
15006,2021-10-19,2021-10-19,0
15007,2021-10-19,2021-10-26,7
15008,2021-10-19,2021-10-19,0
15009,2021-10-19,2021-10-20,1
15010,2021-10-19,2021-10-19,0
15011,2021-10-20,2021-10-20,0
15012,2021-10-20,2021-10-20,0
15013,2021-10-21,2021-10-21,0
15014,2021-10-21,2021-10-21,0
15015,2021-10-22,2021-11-8,17
15016,2021-10-22,2021-10-22,0
15017,2021-10-22,2021-10-22,0
15018,2021-10-22,2021-10-25,3
15019,2021-10-22,2021-11-8,17
15020,2021-10-23,2021-10-25,2
15021,2021-10-24,2021-10-25,1
15022,2021-10-24,2021-12-15,52
15023,2021-10-26,2021-10-26,0
15024,2021-10-26,2021-10-26,0
15025,2021-10-26,2022-6-23,240
15026,2021-10-27,2021-10-27,0
15027,2021-10-27,2021-11-2,6
15028,2021-10-27,2021-11-9,13
15029,2021-10-28,2021-10-28,0
15030,2021-10-28,2021-10-28,0
15031,2021-10-28,2021-12-8,41
15032,2021-10-28,2021-10-28,0
15033,2021-10-28,2021-10-29,1
15034,2021-10-29,2021-11-2,4
15035,2021-10-29,2021-11-1,3
15037,2021-10-30,2021-11-2,3
15038,2021-10-30,2021-11-2,3
15039,2021-10-30,2021-11-4,5
15040,2021-10-31,2021-11-1,1
15041,2021-10-31,2021-11-1,1
15042,2021-10-31,2021-11-1,1
15043,2021-10-31,2021-10-31,0
15044,2021-11-1,2021-11-3,2
15045,2021-11-1,2021-11-2,1
15047,2021-11-2,2021-11-3,1
15048,2021-11-3,2021-11-3,0
15049,2021-11-3,2021-11-3,0
15050,2021-11-3,2021-11-3,0
15051,2021-11-3,2021-11-3,0
15052,2021-11-3,2021-11-4,1
15053,2021-11-3,2021-11-3,0
15054,2021-11-4,2021-11-4,0
15055,2021-11-4,2021-11-5,1
15056,2021-11-4,2021-11-4,0
15057,2021-11-4,2021-11-4,0
15058,2021-11-4,2021-11-5,1
15059,2021-11-4,2021-11-5,1
15060,2021-11-4,2021-11-8,4
15061,2021-11-4,2021-11-5,1
15062,2021-11-4,2021-11-8,4
15063,2021-11-5,2021-11-9,4
15064,2021-11-5,2021-11-5,0
15065,2021-11-5,2021-11-5,0
15066,2021-11-6,2021-11-6,0
15067,2021-11-6,2021-11-6,0
15068,2021-11-7,2021-11-8,1
15069,2021-11-7,2021-12-9,32
15070,2021-11-8,2021-11-8,0
15072,2021-11-9,2021-12-23,44
15073,2021-11-9,2021-11-11,2
15074,2021-11-10,2021-11-10,0
15075,2021-11-10,2021-11-10,0
15076,2021-11-10,2021-11-15,5
15077,2021-11-11,2021-11-12,1
15078,2021-11-11,2021-11-12,1
15079,2021-11-11,2021-11-12,1
15080,2021-11-12,2021-11-12,0
15081,2021-11-12,2021-11-19,7
15082,2021-11-12,2021-11-15,3
15083,2021-11-12,2021-11-12,0
15086,2021-11-13,2021-11-13,0
15087,2021-11-14,2021-11-15,1
15088,2021-11-14,2021-11-15,1
15089,2021-11-15,2021-11-15,0
15090,2021-11-15,2021-11-15,0
15091,2021-11-15,2021-11-16,1
15093,2021-11-16,2021-11-16,0
15094,2021-11-17,2021-11-17,0
15095,2021-11-17,2021-11-17,0
15096,2021-11-17,2021-11-25,8
15097,2021-11-17,2021-11-18,1
15098,2021-11-17,2021-12-3,16
15099,2021-11-18,2021-11-18,0
15100,2021-11-18,2021-11-18,0
15101,2021-11-18,2021-11-18,0
15102,2021-11-19,2021-11-24,5
15103,2021-11-19,2021-11-22,3
15104,2021-11-19,2021-11-22,3
15105,2021-11-20,2021-11-22,2
15106,2021-11-21,2021-11-26,5
15107,2021-11-22,2021-11-22,0
15108,2021-11-22,2021-11-23,1
15109,2021-11-22,2021-11-22,0
15110,2021-11-22,2022-3-8,106
15111,2021-11-22,2021-11-26,4
15112,2021-11-22,2021-11-24,2
15113,2021-11-23,2021-11-23,0
15114,2021-11-23,2021-11-25,2
15115,2021-11-23,2021-11-23,0
15116,2021-11-23,2022-7-13,232
15117,2021-11-23,2021-11-23,0
15119,2021-11-23,2021-11-23,0
15120,2021-11-24,2021-11-24,0
15121,2021-11-24,2021-11-24,0
15122,2021-11-24,2021-11-24,0
15123,2021-11-24,2021-11-24,0
15124,2021-11-24,2021-11-25,1
15125,2021-11-25,2021-11-25,0
15126,2021-11-25,2022-3-3,98
15127,2021-11-25,2021-11-26,1
15128,2021-11-25,2021-12-8,13
15129,2021-11-25,2021-11-29,4
15130,2021-11-25,2021-11-27,2
15131,2021-11-26,2021-11-26,0
15132,2021-11-26,2022-1-7,42
15133,2021-11-27,2021-12-13,16
15134,2021-11-27,2021-11-30,3
15135,2021-11-27,2021-11-29,2
15136,2021-11-28,2021-11-29,1
15137,2021-11-28,2021-11-30,2
15138,2021-11-28,2021-12-7,9
15139,2021-11-29,2022-1-13,45
15140,2021-11-30,2022-2-22,84
15141,2021-11-30,2021-12-6,6
15142,2021-12-1,2022-4-30,150
15143,2021-12-1,2021-12-2,1
15144,2021-12-1,2021-12-3,2
15145,2021-12-2,2021-12-2,0
15146,2021-12-2,2021-12-2,0
15147,2021-12-2,2021-12-8,6
15149,2021-12-2,2021-12-3,1
15150,2021-12-3,2021-12-3,0
15151,2021-12-3,2021-12-16,13
15152,2021-12-3,2021-12-16,13
15153,2021-12-4,2021-12-4,0
15154,2021-12-4,2021-12-6,2
15155,2021-12-5,2022-5-27,173
15156,2021-12-5,2021-12-17,12
15157,2021-12-5,2021-12-15,10
15158,2021-12-6,2021-12-7,1
15159,2021-12-6,2022-1-26,51
15161,2021-12-6,2022-1-7,32
15162,2021-12-6,2021-12-27,21
15163,2021-12-7,2021-12-7,0
15164,2021-12-7,2021-12-7,0
15165,2021-12-8,2021-12-8,0
15166,2021-12-9,2021-12-9,0
15168,2021-12-9,2021-12-9,0
15169,2021-12-9,2021-12-9,0
15170,2021-12-9,2021-12-21,12
15171,2021-12-9,2021-12-10,1
15172,2021-12-10,2021-12-10,0
15173,2021-12-10,2021-12-23,13
15174,2021-12-10,2021-12-10,0
15175,2021-12-10,2021-12-11,1
15176,2021-12-10,2021-12-13,3
15179,2021-12-10,2022-4-6,117
15180,2021-12-10,2021-12-13,3
15181,2021-12-11,2021-12-19,8
15182,2021-12-11,2021-12-13,2
15183,2021-12-12,2021-12-14,2
15184,2021-12-12,2021-12-13,1
15185,2021-12-13,2021-12-17,4
15186,2021-12-13,2021-12-13,0
15187,2021-12-13,2021-12-13,0
15189,2021-12-13,2021-12-13,0
15190,2021-12-13,2022-1-13,31
15191,2021-12-13,2021-12-14,1
15193,2021-12-13,2021-12-14,1
15194,2021-12-13,2022-1-13,31
15195,2021-12-13,2022-6-30,199
15196,2021-12-14,2021-12-14,0
15197,2021-12-14,2021-12-14,0
15198,2021-12-14,2022-2-1,49
15199,2021-12-14,2021-12-16,2
15200,2021-12-15,2021-12-15,0
15201,2021-12-15,2021-12-16,1
15202,2021-12-15,2021-12-20,5
15203,2021-12-15,2022-1-25,41
15204,2021-12-15,2021-12-20,5
15205,2021-12-16,2021-12-17,1
15206,2021-12-16,2021-12-16,0
15207,2021-12-16,2021-12-17,1
15208,2021-12-17,2021-12-17,0
15209,2021-12-17,2021-12-17,0
15210,2021-12-17,2021-12-17,0
15211,2021-12-17,2021-12-17,0
15212,2021-12-18,2021-12-20,2
15213,2021-12-19,2021-12-21,2
15214,2021-12-19,2021-12-21,2
15215,2021-12-19,2021-12-20,1
15216,2021-12-19,2021-12-21,2
15217,2021-12-20,2022-2-23,65
15218,2021-12-20,2021-12-20,0
15219,2021-12-20,2021-12-21,1
15220,2021-12-20,2021-12-21,1
15221,2021-12-21,2021-12-21,0
15222,2021-12-21,2021-12-21,0
15223,2021-12-21,2021-12-22,1
15224,2021-12-21,2021-12-22,1
15225,2021-12-22,2021-12-22,0
15226,2021-12-22,2021-12-22,0
15227,2021-12-22,2021-12-23,1
15228,2021-12-22,2022-1-7,16
15229,2021-12-22,2022-2-17,57
15230,2021-12-22,2021-12-23,1
15231,2021-12-23,2021-12-23,0
15232,2021-12-23,2021-12-27,4
15233,2021-12-23,2022-2-23,62
15234,2021-12-24,2022-8-17,236
15235,2021-12-24,2021-12-24,0
15236,2021-12-24,2021-12-30,6
15237,2021-12-24,2021-12-24,0
15238,2021-12-25,2021-12-27,2
15239,2021-12-25,2021-12-27,2
15240,2021-12-26,2022-1-21,26
15241,2021-12-27,2022-5-5,129
15242,2021-12-27,2021-12-28,1
15243,2021-12-27,2021-12-27,0
15244,2021-12-27,2022-2-18,53
15245,2021-12-27,2022-2-3,38
15247,2021-12-27,2021-12-28,1
15248,2021-12-28,2022-1-11,14
15249,2021-12-28,2021-12-28,0
15250,2021-12-28,2021-12-28,0
15251,2021-12-28,2021-12-29,1
15252,2021-12-28,2021-12-30,2
15253,2021-12-28,2021-12-29,1
15254,2021-12-28,2022-9-13,259
15255,2021-12-29,2021-12-30,1
15256,2021-12-29,2022-1-13,15
15257,2021-12-29,2021-12-29,0
15258,2021-12-30,2021-12-30,0
15259,2021-12-30,2021-12-30,0
15260,2021-12-30,2021-12-30,0
15261,2021-12-30,2021-12-30,0
15262,2021-12-30,2022-2-11,43
15263,2021-12-31,2021-12-31,0
15264,2021-12-31,2021-12-31,0
15266,2021-12-31,2022-1-3,3
15267,2022-1-1,2022-1-5,4
15268,2022-1-1,2022-1-4,3
15269,2022-1-1,2022-1-4,3
15270,2022-1-1,2022-1-11,10
15271,2022-1-1,2022-3-31,89
15272,2022-1-1,2022-2-22,52
15273,2022-1-2,2022-1-28,26
15274,2022-1-2,2022-1-3,1
15275,2022-1-2,2022-4-6,94
15276,2022-1-3,2022-1-4,1
15277,2022-1-3,2022-1-4,1
15278,2022-1-3,2022-1-4,1
15279,2022-1-4,2022-1-5,1
15280,2022-1-4,2022-1-5,1
15282,2022-1-4,2022-1-6,2
15283,2022-1-4,2022-1-24,20
15284,2022-1-4,2022-1-5,1
15285,2022-1-4,2022-1-6,2
15286,2022-1-6,2022-1-13,7
15287,2022-1-6,2022-1-6,0
15288,2022-1-6,2022-6-3,148
15289,2022-1-7,2022-1-7,0
15290,2022-1-7,2022-1-7,0
15291,2022-1-7,2022-1-10,3
15292,2022-1-7,2022-1-8,1
15293,2022-1-7,2022-1-7,0
15294,2022-1-8,2022-1-8,0
15295,2022-1-10,2022-1-10,0
15296,2022-1-10,2022-1-10,0
15297,2022-1-10,2022-1-10,0
15298,2022-1-10,2022-1-10,0
15299,2022-1-10,2022-1-11,1
15300,2022-1-11,2022-1-11,0
15301,2022-1-11,2022-2-25,45
15302,2022-1-11,2022-1-12,1
15303,2022-1-11,2022-1-12,1
15304,2022-1-11,2022-1-12,1
15305,2022-1-12,2022-1-12,0
15306,2022-1-12,2022-1-12,0
15307,2022-1-12,2022-1-12,0
15308,2022-1-12,2022-1-13,1
15309,2022-1-12,2022-1-12,0
15310,2022-1-12,2022-1-12,0
15311,2022-1-12,2022-1-12,0
15313,2022-1-13,2022-1-19,6
15315,2022-1-13,2022-1-14,1
15316,2022-1-14,2022-1-14,0
15317,2022-1-14,2022-3-30,75
15318,2022-1-14,2022-2-22,39
15319,2022-1-14,2022-1-14,0
15320,2022-1-14,2022-1-17,3
15321,2022-1-15,2022-2-23,39
15324,2022-1-17,2022-1-20,3
15325,2022-1-17,2022-1-19,2
15326,2022-1-17,2022-1-18,1
15328,2022-1-17,2022-2-22,36
15329,2022-1-18,2022-1-18,0
15330,2022-1-18,2022-3-8,49
15331,2022-1-18,2022-2-16,29
15332,2022-1-19,2022-1-19,0
15333,2022-1-19,2022-1-26,7
15334,2022-1-19,2022-1-25,6
15335,2022-1-20,2022-1-20,0
15336,2022-1-20,2022-4-22,92
15337,2022-1-20,2022-1-20,0
15338,2022-1-20,2022-1-22,2
15339,2022-1-20,2022-1-21,1
15342,2022-1-21,2022-1-21,0
15343,2022-1-21,2022-1-21,0
15344,2022-1-21,2022-1-22,1
15345,2022-1-21,2022-1-24,3
15347,2022-1-22,2022-1-24,2
15348,2022-1-22,2022-1-24,2
15349,2022-1-22,2022-2-10,19
15350,2022-1-23,2022-1-24,1
15351,2022-1-24,2022-1-24,0
15353,2022-1-24,2022-1-24,0
15354,2022-1-24,2022-1-24,0
15355,2022-1-25,2022-1-26,1
15356,2022-1-25,2022-1-25,0
15358,2022-1-25,2022-1-25,0
15359,2022-1-26,2022-1-26,0
15360,2022-1-26,2022-1-26,0
15361,2022-1-26,2022-1-28,2
15362,2022-1-26,2022-1-26,0
15363,2022-1-26,2022-4-15,79
15364,2022-1-27,2022-1-27,0
15365,2022-1-27,2022-1-27,0
15366,2022-1-27,2022-1-27,0
15367,2022-1-27,2022-1-29,2
15368,2022-1-27,2022-1-27,0
15369,2022-1-27,2022-1-27,0
15370,2022-1-27,2022-1-29,2
15371,2022-1-28,2022-1-28,0
15372,2022-1-28,2022-3-28,59
15373,2022-1-28,2022-1-29,1
15374,2022-1-28,2022-2-25,28
15375,2022-1-28,2022-1-31,3
15377,2022-1-29,2022-2-16,18
15378,2022-1-30,2022-2-2,3
15379,2022-1-31,2022-2-1,1
15380,2022-1-31,2022-2-1,1
15381,2022-2-1,2022-8-3,183
15382,2022-2-1,2022-2-2,1
15383,2022-2-1,2022-2-2,1
15385,2022-2-1,2022-2-2,1
15386,2022-2-2,2022-2-3,1
15387,2022-2-2,2022-2-8,6
15388,2022-2-2,2022-2-3,1
15389,2022-2-2,2022-2-10,8
15390,2022-2-2,2022-2-2,0
15391,2022-2-2,2022-2-8,6
15392,2022-2-2,2022-2-3,1
15393,2022-2-3,2022-2-3,0
15394,2022-2-3,2022-2-3,0
15395,2022-2-4,2022-2-8,4
15396,2022-2-4,2022-2-4,0
15397,2022-2-4,2022-3-11,35
15398,2022-2-5,2022-2-5,0
15400,2022-2-5,2022-2-10,5
15401,2022-2-5,2022-2-25,20
15402,2022-2-6,2022-3-29,51
15404,2022-2-6,2022-2-11,5
15406,2022-2-7,2022-2-8,1
15407,2022-2-7,2022-2-7,0
15408,2022-2-7,2022-2-8,1
15409,2022-2-7,2022-2-9,2
15410,2022-2-7,2022-2-9,2
15412,2022-2-8,2022-2-11,3
15413,2022-2-8,2022-2-9,1
15414,2022-2-9,2022-2-9,0
15415,2022-2-9,2022-2-16,7
15416,2022-2-10,2022-3-15,33
15417,2022-2-11,2022-2-11,0
15419,2022-2-12,2022-2-14,2
15420,2022-2-12,2022-2-12,0
15421,2022-2-13,2022-3-15,30
15423,2022-2-13,2022-2-16,3
15424,2022-2-14,2022-4-26,71
15425,2022-2-14,2022-2-14,0
15426,2022-2-14,2022-2-15,1
15427,2022-2-15,2022-2-15,0
15428,2022-2-15,2022-2-15,0
15429,2022-2-15,2022-2-15,0
15431,2022-2-15,2022-2-15,0
15432,2022-2-15,2022-2-16,1
15433,2022-2-16,2022-2-16,0
15434,2022-2-16,2022-2-17,1
15435,2022-2-17,2022-2-17,0
15436,2022-2-17,2022-2-17,0
15437,2022-2-17,2022-2-18,1
15438,2022-2-18,2022-2-18,0
15440,2022-2-18,2022-4-25,66
15441,2022-2-18,2022-2-19,1
15442,2022-2-18,2022-2-21,3
15443,2022-2-18,2022-2-21,3
15444,2022-2-18,2022-2-21,3
15445,2022-2-19,2022-4-22,62
15446,2022-2-19,2022-2-21,2
15447,2022-2-20,2022-2-21,1
15448,2022-2-20,2022-2-21,1
15449,2022-2-21,2022-2-21,0
15450,2022-2-21,2022-2-22,1
15451,2022-2-21,2022-2-21,0
15452,2022-2-21,2022-2-26,5
15453,2022-2-21,2022-2-23,2
15454,2022-2-22,2022-2-23,1
15455,2022-2-22,2022-2-22,0
15456,2022-2-22,2022-3-3,9
15457,2022-2-23,2022-2-23,0
15458,2022-2-23,2022-2-24,1
15459,2022-2-23,2022-2-24,1
15460,2022-2-24,2022-4-28,63
15461,2022-2-24,2022-2-24,0
15462,2022-2-25,2022-2-25,0
15463,2022-2-25,2022-2-25,0
15465,2022-2-26,2022-2-26,0
15466,2022-2-26,2022-3-2,4
15467,2022-2-27,2022-3-1,2
15468,2022-2-27,2022-2-27,0
15469,2022-2-28,2022-2-28,0
15470,2022-2-28,2022-2-28,0
15471,2022-2-28,2022-3-1,1
15472,2022-3-1,2022-3-9,8
15473,2022-3-1,2022-3-2,1
15474,2022-3-3,2022-3-8,5
15475,2022-3-3,2022-3-4,1
15476,2022-3-4,2022-3-4,0
15477,2022-3-4,2022-3-4,0
15479,2022-3-4,2022-3-4,0
15480,2022-3-4,2022-3-4,0
15481,2022-3-4,2022-3-7,3
15483,2022-3-5,2022-3-25,20
15484,2022-3-7,2022-3-7,0
15485,2022-3-7,2022-3-7,0
15486,2022-3-7,2022-3-8,1
15487,2022-3-7,2022-3-25,18
15488,2022-3-7,2022-3-10,3
15489,2022-3-8,2022-3-8,0
15490,2022-3-8,2022-3-17,9
15491,2022-3-8,2022-3-9,1
15492,2022-3-8,2022-3-10,2
15493,2022-3-8,2022-3-9,1
15494,2022-3-8,2022-3-9,1
15495,2022-3-9,2022-3-10,1
15496,2022-3-9,2022-3-10,1
15497,2022-3-10,2022-3-23,13
15498,2022-3-10,2022-3-11,1
15499,2022-3-10,2022-3-11,1
15500,2022-3-11,2022-3-15,4
15501,2022-3-11,2022-3-14,3
15502,2022-3-11,2022-3-11,0
15503,2022-3-12,2022-3-15,3
15504,2022-3-12,2022-3-14,2
15505,2022-3-12,2022-4-12,31
15506,2022-3-13,2022-4-28,46
15507,2022-3-13,2022-3-14,1
15508,2022-3-14,2022-3-14,0
15509,2022-3-14,2022-3-14,0
15510,2022-3-14,2022-5-17,64
15511,2022-3-15,2022-3-15,0
15512,2022-3-15,2022-3-16,1
15513,2022-3-15,2022-3-16,1
15514,2022-3-16,2022-3-17,1
15515,2022-3-16,2022-3-16,0
15516,2022-3-16,2022-3-16,0
15517,2022-3-16,2022-3-16,0
15518,2022-3-16,2022-3-16,0
15519,2022-3-16,2022-3-17,1
15520,2022-3-16,2022-3-17,1
15521,2022-3-17,2022-6-9,84
15522,2022-3-18,2022-3-18,0
15523,2022-3-18,2022-3-18,0
15524,2022-3-18,2022-3-19,1
15525,2022-3-18,2022-3-19,1
15526,2022-3-18,2022-3-21,3
15527,2022-3-18,2022-3-22,4
15528,2022-3-18,2022-3-22,4
15529,2022-3-20,2022-7-28,130
15530,2022-3-21,2022-3-22,1
15531,2022-3-21,2022-3-22,1
15532,2022-3-22,2022-3-22,0
15533,2022-3-22,2022-3-22,0
15534,2022-3-22,2022-3-22,0
15535,2022-3-23,2022-3-23,0
15536,2022-3-23,2022-3-23,0
15537,2022-3-23,2022-3-24,1
15538,2022-3-23,2022-3-24,1
15539,2022-3-24,2022-3-24,0
15540,2022-3-24,2022-3-29,5
15541,2022-3-25,2022-3-25,0
15542,2022-3-25,2022-4-14,20
15543,2022-3-25,2022-3-25,0
15544,2022-3-25,2022-3-25,0
15545,2022-3-26,2022-3-26,0
15546,2022-3-26,2022-3-28,2
15547,2022-3-26,2022-3-26,0
15548,2022-3-26,2022-3-28,2
15549,2022-3-26,2022-3-31,5
15550,2022-3-28,2022-3-29,1
15551,2022-3-29,2022-3-29,0
15552,2022-3-29,2022-3-29,0
15554,2022-3-29,2022-3-30,1
15555,2022-3-29,2022-4-4,6
15556,2022-3-30,2022-3-30,0
15557,2022-3-31,2022-3-31,0
15558,2022-3-31,2022-3-31,0
15559,2022-3-31,2022-4-7,7
15560,2022-3-31,2022-4-1,1
15561,2022-4-1,2022-4-6,5
15562,2022-4-5,2022-4-5,0
15563,2022-4-6,2022-4-7,1
15564,2022-4-6,2022-4-6,0
15565,2022-4-6,2022-4-7,1
15566,2022-4-7,2022-4-7,0
15567,2022-4-7,2022-4-7,0
15569,2022-4-8,2022-4-12,4
15570,2022-4-8,2022-4-13,5
15571,2022-4-8,2022-4-22,14
15572,2022-4-9,2022-4-11,2
15573,2022-4-9,2022-9-14,158
15574,2022-4-9,2022-6-7,59
15575,2022-4-11,2022-4-11,0
15576,2022-4-11,2022-4-12,1
15577,2022-4-11,2022-4-11,0
15578,2022-4-11,2022-4-11,0
15579,2022-4-11,2022-4-11,0
15580,2022-4-11,2022-4-11,0
15581,2022-4-12,2022-6-16,65
15582,2022-4-12,2022-4-12,0
15583,2022-4-12,2022-4-12,0
15584,2022-4-12,2022-4-13,1
15585,2022-4-12,2022-4-13,1
15586,2022-4-12,2022-4-19,7
15587,2022-4-12,2022-4-13,1
15588,2022-4-13,2022-4-13,0
15589,2022-4-13,2022-4-13,0
15590,2022-4-13,2022-4-13,0
15591,2022-4-13,2022-4-13,0
15593,2022-4-13,2022-4-14,1
15594,2022-4-13,2022-4-14,1
15595,2022-4-14,2022-4-14,0
15596,2022-4-14,2022-4-14,0
15597,2022-4-14,2022-4-20,6
15598,2022-4-14,2022-4-14,0
15599,2022-4-14,2022-4-14,0
15600,2022-4-14,2022-4-15,1
15601,2022-4-14,2022-4-14,0
15602,2022-4-14,2022-5-27,43
15603,2022-4-14,2022-4-16,2
15604,2022-4-15,2022-4-18,3
15605,2022-4-15,2022-4-18,3
15606,2022-4-15,2022-4-15,0
15607,2022-4-16,2022-4-18,2
15608,2022-4-16,2022-4-20,4
15611,2022-4-19,2022-4-19,0
15612,2022-4-19,2022-4-19,0
15613,2022-4-19,2022-4-21,2
15614,2022-4-19,2022-4-19,0
15615,2022-4-20,2022-4-20,0
15616,2022-4-20,2022-4-20,0
15617,2022-4-20,2022-4-20,0
15618,2022-4-20,2022-4-26,6
15619,2022-4-20,2022-4-20,0
15620,2022-4-20,2022-4-21,1
15621,2022-4-21,2022-4-21,0
15622,2022-4-21,2022-4-27,6
15624,2022-4-22,2022-4-22,0
15625,2022-4-22,2022-4-26,4
15626,2022-4-22,2022-5-25,33
15627,2022-4-22,2022-4-22,0
15628,2022-4-23,2022-4-23,0
15629,2022-4-23,2022-5-2,9
15630,2022-4-25,2022-4-26,1
15631,2022-4-26,2022-4-26,0
15632,2022-4-26,2022-5-11,15
15633,2022-4-26,2022-4-26,0
15634,2022-4-26,2022-4-28,2
15635,2022-4-26,2022-5-3,7
15637,2022-4-27,2022-5-2,5
15638,2022-4-28,2022-4-28,0
15639,2022-4-28,2022-4-29,1
15640,2022-4-29,2022-4-29,0
15641,2022-4-29,2022-5-5,6
15642,2022-4-29,2022-4-29,0
15643,2022-4-29,2022-4-29,0
15644,2022-4-29,2022-4-29,0
15645,2022-4-30,2022-5-3,3
15646,2022-5-1,2022-6-13,43
15647,2022-5-2,2022-5-2,0
15648,2022-5-2,2022-5-26,24
15649,2022-5-2,2022-5-2,0
15650,2022-5-2,2022-5-4,2
15651,2022-5-2,2022-5-17,15
15652,2022-5-3,2022-5-3,0
15653,2022-5-3,2022-5-3,0
15654,2022-5-3,2022-5-3,0
15655,2022-5-3,2022-5-4,1
15656,2022-5-3,2022-5-4,1
15657,2022-5-3,2022-5-3,0
15658,2022-5-4,2022-5-4,0
15659,2022-5-4,2022-5-4,0
15660,2022-5-4,2022-5-5,1
15661,2022-5-4,2022-5-6,2
15662,2022-5-4,2022-5-4,0
15663,2022-5-5,2022-5-5,0
15664,2022-5-5,2022-5-6,1
15665,2022-5-5,2022-5-17,12
15666,2022-5-5,2022-5-12,7
15667,2022-5-5,2022-5-17,12
15668,2022-5-6,2022-5-6,0
15669,2022-5-6,2022-6-17,42
15670,2022-5-6,2022-6-8,33
15671,2022-5-8,2022-5-10,2
15672,2022-5-8,2022-5-8,0
15673,2022-5-8,2022-5-9,1
15674,2022-5-9,2022-5-9,0
15675,2022-5-9,2022-5-10,1
15676,2022-5-9,2022-5-10,1
15677,2022-5-9,2022-5-12,3
15678,2022-5-10,2022-5-11,1
15679,2022-5-10,2022-5-11,1
15680,2022-5-10,2022-5-17,7
15681,2022-5-10,2022-6-23,44
15682,2022-5-11,2022-5-12,1
15683,2022-5-11,2022-5-22,11
15684,2022-5-12,2022-5-16,4
15685,2022-5-12,2022-5-12,0
15686,2022-5-12,2022-5-13,1
15688,2022-5-12,2022-5-13,1
15689,2022-5-12,2022-6-2,21
15690,2022-5-13,2022-5-13,0
15691,2022-5-13,2022-5-13,0
15692,2022-5-13,2022-5-19,6
15693,2022-5-14,2022-5-16,2
15694,2022-5-16,2022-5-16,0
15695,2022-5-16,2022-5-16,0
15696,2022-5-16,2022-5-16,0
15697,2022-5-16,2022-5-19,3
15698,2022-5-17,2022-5-20,3
15699,2022-5-17,2022-5-17,0
15701,2022-5-17,2022-5-17,0
15702,2022-5-17,2022-5-18,1
15703,2022-5-17,2022-7-13,57
15706,2022-5-18,2022-5-18,0
15707,2022-5-18,2022-5-19,1
15708,2022-5-18,2022-5-19,1
15709,2022-5-18,2022-6-2,15
15710,2022-5-18,2022-5-18,0
15711,2022-5-18,2022-8-16,90
15712,2022-5-19,2022-5-20,1
15713,2022-5-20,2022-5-21,1
15714,2022-5-20,2022-5-20,0
15715,2022-5-20,2022-5-21,1
15716,2022-5-20,2022-5-21,1
15717,2022-5-20,2022-7-12,53
15718,2022-5-20,2022-6-27,38
15719,2022-5-21,2022-5-21,0
15720,2022-5-21,2022-5-23,2
15721,2022-5-21,2022-5-21,0
15722,2022-5-21,2022-5-21,0
15723,2022-5-22,2022-5-25,3
15724,2022-5-22,2022-5-23,1
15725,2022-5-23,2022-5-23,0
15726,2022-5-23,2022-5-24,1
15728,2022-5-23,2022-5-23,0
15729,2022-5-23,2022-5-23,0
15730,2022-5-23,2022-6-1,9
15731,2022-5-24,2022-6-1,8
15732,2022-5-24,2022-5-26,2
15733,2022-5-25,2022-5-26,1
15734,2022-5-26,2022-7-17,52
15735,2022-5-26,2022-6-27,32
15736,2022-5-27,2022-5-27,0
15737,2022-5-27,2022-5-31,4
15738,2022-5-27,2022-6-2,6
15739,2022-5-27,2022-6-1,5
15740,2022-5-28,2022-6-1,4
15741,2022-5-28,2022-5-31,3
15742,2022-5-29,2022-7-14,46
15743,2022-5-29,2022-6-1,3
15744,2022-5-30,2022-5-31,1
15745,2022-5-31,2022-6-1,1
15746,2022-5-31,2022-5-31,0
15747,2022-5-31,2022-6-17,17
15749,2022-6-1,2022-6-1,0
15750,2022-6-1,2022-6-1,0
15751,2022-6-2,2022-6-2,0
15752,2022-6-2,2022-6-3,1
15753,2022-6-2,2022-6-2,0
15754,2022-6-2,2022-6-3,1
15755,2022-6-2,2022-6-13,11
15756,2022-6-2,2022-6-9,7
15757,2022-6-3,2022-9-15,104
15758,2022-6-3,2022-6-3,0
15759,2022-6-3,2022-6-3,0
15760,2022-6-3,2022-6-3,0
15761,2022-6-3,2022-6-14,11
15762,2022-6-5,2022-8-19,75
15763,2022-6-5,2022-6-13,8
15764,2022-6-6,2022-6-6,0
15766,2022-6-7,2022-9-6,91
15768,2022-6-9,2022-6-9,0
15769,2022-6-13,2022-6-14,1
15770,2022-6-13,2022-6-13,0
15771,2022-6-14,2022-6-16,2
15772,2022-6-14,2022-6-14,0
15773,2022-6-15,2022-6-16,1
15774,2022-6-16,2022-6-20,4
15775,2022-6-16,2022-6-16,0
15776,2022-6-16,2022-6-17,1
15777,2022-6-16,2022-6-20,4
15778,2022-6-17,2022-6-17,0
15779,2022-6-17,2022-6-20,3
15780,2022-6-18,2022-6-18,0
15781,2022-6-18,2022-6-20,2
15782,2022-6-20,2022-6-22,2
15783,2022-6-20,2022-7-2,12
15784,2022-6-21,2022-6-21,0
15785,2022-6-21,2022-6-21,0
15787,2022-6-23,2022-9-2,71
15788,2022-6-23,2022-6-23,0
15789,2022-6-23,2022-6-28,5
15790,2022-6-23,2022-6-23,0
15791,2022-6-23,2022-7-8,15
15792,2022-6-24,2022-6-24,0
15793,2022-6-24,2022-6-27,3
15794,2022-6-24,2022-6-24,0
15796,2022-6-24,2022-6-28,4
15797,2022-6-24,2022-6-28,4
15799,2022-6-27,2022-6-28,1
15800,2022-6-28,2022-6-28,0
15801,2022-6-28,2022-6-28,0
15802,2022-6-28,2022-6-28,0
15803,2022-6-28,2022-6-30,2
15804,2022-6-28,2022-6-28,0
15807,2022-6-30,2022-7-1,1
15808,2022-6-30,2022-8-9,40
15809,2022-7-1,2022-7-5,4
15810,2022-7-1,2022-7-1,0
15811,2022-7-1,2022-7-2,1
15812,2022-7-2,2022-7-8,6
15813,2022-7-3,2022-7-6,3
15814,2022-7-3,2022-7-4,1
15815,2022-7-4,2022-7-21,17
15816,2022-7-4,2022-7-4,0
15817,2022-7-4,2022-7-4,0
15818,2022-7-4,2022-7-5,1
15819,2022-7-4,2022-7-6,2
15820,2022-7-5,2022-7-6,1
15821,2022-7-5,2022-7-5,0
15822,2022-7-5,2022-8-11,37
15823,2022-7-5,2022-7-5,0
15824,2022-7-5,2022-7-6,1
15825,2022-7-6,2022-7-6,0
15826,2022-7-6,2022-7-6,0
15827,2022-7-6,2022-7-6,0
15828,2022-7-7,2022-7-8,1
15829,2022-7-7,2022-7-8,1
15830,2022-7-7,2022-7-7,0
15832,2022-7-8,2022-7-9,1
15833,2022-7-9,2022-7-13,4
15835,2022-7-10,2022-7-13,3
15836,2022-7-10,2022-7-11,1
15837,2022-7-11,2022-7-28,17
15838,2022-7-11,2022-7-11,0
15839,2022-7-11,2022-7-11,0
15840,2022-7-12,2022-7-12,0
15843,2022-7-13,2022-8-2,20
15844,2022-7-13,2022-7-13,0
15846,2022-7-15,2022-7-15,0
15847,2022-7-15,2022-7-26,11
15850,2022-7-15,2022-7-16,1
15851,2022-7-18,2022-7-18,0
15852,2022-7-18,2022-7-19,1
15853,2022-7-18,2022-7-18,0
15854,2022-7-18,2022-7-18,0
15855,2022-7-18,2022-7-19,1
15856,2022-7-18,2022-7-19,1
15857,2022-7-18,2022-7-19,1
15858,2022-7-19,2022-7-26,7
15859,2022-7-19,2022-8-16,28
15860,2022-7-19,2022-7-20,1
15861,2022-7-20,2022-7-26,6
15862,2022-7-20,2022-7-21,1
15864,2022-7-21,2022-7-25,4
15865,2022-7-21,2022-7-22,1
15866,2022-7-22,2022-9-6,46
15867,2022-7-22,2022-7-23,1
15868,2022-7-22,2022-7-22,0
15869,2022-7-22,2022-7-23,1
15870,2022-7-23,2022-7-23,0
15871,2022-7-23,2022-7-23,0
15873,2022-7-23,2022-7-25,2
15874,2022-7-23,2022-7-26,3
15875,2022-7-23,2022-7-25,2
15876,2022-7-23,2022-7-25,2
15877,2022-7-25,2022-7-25,0
15879,2022-7-25,2022-7-25,0
15880,2022-7-25,2022-7-26,1
15882,2022-7-26,2022-7-28,2
15883,2022-7-26,2022-7-26,0
15885,2022-7-26,2022-7-27,1
15886,2022-7-27,2022-7-27,0
15887,2022-7-27,2022-7-27,0
15888,2022-7-28,2022-8-5,8
15889,2022-7-28,2022-7-28,0
15890,2022-7-29,2022-7-29,0
15891,2022-7-29,2022-8-3,5
15892,2022-7-29,2022-7-30,1
15893,2022-7-29,2022-7-29,0
15894,2022-7-30,2022-7-30,0
15895,2022-7-31,2022-7-31,0
15896,2022-7-31,2022-8-1,1
15897,2022-7-31,2022-8-1,1
15898,2022-7-31,2022-7-31,0
15899,2022-8-1,2022-8-2,1
15900,2022-8-1,2022-8-1,0
15901,2022-8-2,2022-8-12,10
15902,2022-8-2,2022-8-2,0
15904,2022-8-2,2022-8-2,0
15906,2022-8-3,2022-8-3,0
15907,2022-8-3,2022-8-3,0
15909,2022-8-3,2022-8-3,0
15910,2022-8-3,2022-8-3,0
15911,2022-8-4,2022-8-4,0
15912,2022-8-4,2022-8-4,0
15913,2022-8-4,2022-8-4,0
15914,2022-8-4,2022-8-4,0
15915,2022-8-4,2022-8-4,0
15916,2022-8-4,2022-8-8,4
15918,2022-8-5,2022-8-5,0
15919,2022-8-5,2022-8-5,0
15920,2022-8-5,2022-8-5,0
15922,2022-8-6,2022-8-15,9
15923,2022-8-6,2022-8-6,0
15924,2022-8-6,2022-8-6,0
15925,2022-8-6,2022-8-8,2
15926,2022-8-6,2022-8-24,18
15927,2022-8-6,2022-8-8,2
15928,2022-8-6,2022-8-6,0
15929,2022-8-7,2022-8-7,0
15930,2022-8-7,2022-8-9,2
15931,2022-8-8,2022-8-9,1
15932,2022-8-8,2022-8-8,0
15933,2022-8-8,2022-8-9,1
15934,2022-8-9,2022-8-9,0
15935,2022-8-9,2022-8-9,0
15937,2022-8-9,2022-9-14,36
15938,2022-8-10,2022-8-17,7
15939,2022-8-10,2022-8-16,6
15940,2022-8-10,2022-8-10,0
15941,2022-8-10,2022-8-10,0
15942,2022-8-10,2022-8-10,0
15943,2022-8-10,2022-8-10,0
15944,2022-8-10,2022-8-23,13
15945,2022-8-11,2022-8-11,0
15946,2022-8-11,2022-8-11,0
15947,2022-8-11,2022-8-11,0
15949,2022-8-11,2022-8-25,14
15950,2022-8-11,2022-8-11,0
15952,2022-8-12,2022-8-12,0
15953,2022-8-12,2022-8-12,0
15954,2022-8-12,2022-8-15,3
15955,2022-8-12,2022-8-12,0
15956,2022-8-12,2022-9-12,31
15957,2022-8-13,2022-8-15,2
15958,2022-8-13,2022-8-30,17
15959,2022-8-14,2022-8-15,1
15960,2022-8-14,2022-8-17,3
15961,2022-8-15,2022-8-16,1
15962,2022-8-16,2022-8-16,0
15964,2022-8-17,2022-8-17,0
15965,2022-8-17,2022-8-17,0
15966,2022-8-17,2022-8-18,1
15967,2022-8-17,2022-8-18,1
15968,2022-8-18,2022-8-18,0
15969,2022-8-18,2022-8-27,9
15970,2022-8-18,2022-8-18,0
15972,2022-8-19,2022-8-19,0
15973,2022-8-19,2022-8-25,6
15974,2022-8-21,2022-9-8,18
15975,2022-8-21,2022-9-5,15
15976,2022-8-21,2022-9-15,25
15977,2022-8-21,2022-8-31,10
15978,2022-8-21,2022-8-24,3
15979,2022-8-21,2022-8-29,8
15980,2022-8-22,2022-8-23,1
15981,2022-8-22,2022-8-23,1
15982,2022-8-22,2022-8-25,3
15984,2022-8-22,2022-8-23,1
15985,2022-8-23,2022-8-30,7
15986,2022-8-23,2022-8-25,2
15987,2022-8-23,2022-8-23,0
15988,2022-8-24,2022-8-24,0
15989,2022-8-24,2022-8-24,0
15991,2022-8-24,2022-8-25,1
15992,2022-8-24,2022-9-6,13
15993,2022-8-24,2022-8-26,2
15994,2022-8-24,2022-9-1,8
15995,2022-8-24,2022-8-27,3
15996,2022-8-25,2022-8-25,0
15997,2022-8-25,2022-8-25,0
15998,2022-8-25,2022-8-26,1
15999,2022-8-25,2022-9-7,13
16000,2022-8-26,2022-8-26,0
16002,2022-8-26,2022-8-27,1
16003,2022-8-26,2022-8-30,4
16004,2022-8-27,2022-9-8,12
16005,2022-8-28,2022-8-30,2
16006,2022-8-29,2022-8-29,0
16007,2022-8-29,2022-8-29,0
16008,2022-8-29,2022-8-29,0
16009,2022-8-29,2022-8-29,0
16010,2022-8-29,2022-8-29,0
16011,2022-8-29,2022-8-29,0
16013,2022-8-30,2022-8-30,0
16014,2022-8-30,2022-9-6,7
16015,2022-8-30,2022-8-30,0
16016,2022-8-30,2022-9-16,17
16017,2022-8-30,2022-8-30,0
16018,2022-8-31,2022-8-31,0
16020,2022-8-31,2022-8-31,0
16021,2022-8-31,2022-9-1,1
16022,2022-9-1,2022-9-1,0
16023,2022-9-1,2022-9-1,0
16024,2022-9-1,2022-9-1,0
16026,2022-9-2,2022-9-4,2
16028,2022-9-3,2022-9-5,2
16029,2022-9-5,2022-9-5,0
16032,2022-9-6,2022-9-9,3
16033,2022-9-6,2022-9-6,0
16034,2022-9-6,2022-9-6,0
16035,2022-9-7,2022-9-7,0
16036,2022-9-7,2022-9-7,0
16037,2022-9-8,2022-9-8,0
16038,2022-9-8,2022-9-13,5
16039,2022-9-8,2022-9-8,0
16040,2022-9-9,2022-9-15,6
16041,2022-9-9,2022-9-9,0
16042,2022-9-9,2022-9-9,0
16045,2022-9-9,2022-9-10,1
16046,2022-9-10,2022-9-12,2
16048,2022-9-12,2022-9-12,0
16049,2022-9-12,2022-9-12,0
16051,2022-9-13,2022-9-13,0
16052,2022-9-13,2022-9-14,1
16055,2022-9-14,2022-9-15,1
16057,2022-9-14,2022-9-15,1
16058,2022-9-15,2022-9-15,0
16059,2022-9-16,2022-9-16,0
16060,2022-9-16,2022-9-16,0
16061,2022-9-16,2022-9-16,0
16062,2022-9-16,2022-9-16,0
16063,2022-9-16,2022-9-16,0
16064,2022-9-16,2022-9-18,2
16065,2022-9-16,2022-9-17,1
16066,2022-9-16,2022-9-16,0
16067,2022-9-16,2022-9-17,1
16068,2022-9-16,2022-9-19,3
16069,2022-9-17,2022-9-17,0
16071,2022-9-18,2022-9-19,1
16073,2022-9-19,2022-9-19,0
16074,2022-9-19,2022-9-22,3
16076,2022-9-20,2022-9-21,1
