5815,2018-11-18,2021-9-21,1038
6020,2019-1-9,2021-10-13,1008
6298,2019-2-27,2022-8-29,1279
6378,2019-3-8,2022-8-22,1263
6463,2019-3-23,2021-10-13,935
6484,2019-3-27,2022-8-25,1247
7216,2019-7-30,2022-8-8,1105
7277,2019-8-8,2021-9-21,775
7532,2019-9-30,2022-8-31,1066
7704,2019-10-21,2022-9-19,1064
7752,2019-10-29,2022-4-12,896
7787,2019-11-4,2022-6-17,956
7809,2019-11-6,2021-10-13,707
7907,2019-11-19,2022-8-29,1014
7913,2019-11-20,2021-10-13,693
7963,2019-12-3,2022-3-1,819
8026,2019-12-16,2022-2-7,784
8135,2020-1-10,2022-4-6,817
8157,2020-1-15,2022-4-6,812
8196,2020-1-20,2021-11-24,674
8450,2020-3-2,2022-8-8,889
8590,2020-3-19,2022-1-24,676
8623,2020-3-26,2021-10-13,566
8668,2020-4-2,2021-10-13,559
8716,2020-4-9,2022-8-29,872
8776,2020-4-19,2022-2-23,675
8801,2020-4-22,2022-8-25,855
8809,2020-4-22,2022-4-29,737
8818,2020-4-23,2021-10-13,538
8832,2020-4-23,2021-11-28,584
8884,2020-4-29,2022-4-29,730
8893,2020-4-30,2021-8-26,483
8918,2020-5-2,2022-8-31,851
8919,2020-5-2,2022-8-15,835
8938,2020-5-6,2022-8-24,840
9015,2020-5-17,2021-10-26,527
9073,2020-5-25,2022-3-16,660
9081,2020-5-26,2022-8-24,820
9109,2020-5-31,2021-10-21,508
9171,2020-6-9,2021-8-10,427
9199,2020-6-11,2022-8-16,796
9232,2020-6-15,2022-8-17,793
9240,2020-6-16,2021-9-19,460
9241,2020-6-16,2022-8-17,792
9253,2020-6-18,2022-8-9,782
9288,2020-6-23,2022-8-16,784
9323,2020-6-25,2022-8-26,792
9334,2020-6-29,2022-4-9,649
9399,2020-7-5,2022-8-15,771
9429,2020-7-8,2022-3-1,601
9480,2020-7-14,2022-8-17,764
9524,2020-7-17,2022-8-17,761
9528,2020-7-20,2021-11-24,492
9538,2020-7-20,2021-8-10,386
9578,2020-7-23,2021-8-10,383
9605,2020-7-27,2022-4-29,641
9621,2020-7-29,2021-9-17,415
9634,2020-7-30,2022-8-18,749
9657,2020-8-4,2022-4-29,633
9688,2020-8-7,2021-11-24,474
9695,2020-8-9,2021-10-13,430
9709,2020-8-11,2022-4-29,626
9719,2020-8-11,2021-11-3,449
9726,2020-8-12,2021-8-3,356
9731,2020-8-13,2021-10-21,434
9737,2020-8-16,2021-7-6,324
9738,2020-8-17,2022-8-16,729
9766,2020-8-18,2022-8-16,728
9800,2020-8-22,2021-8-5,348
9802,2020-8-23,2022-8-29,736
9814,2020-8-24,2021-8-4,345
9844,2020-8-27,2022-8-29,732
9872,2020-9-1,2022-9-15,744
9904,2020-9-6,2021-9-16,375
9956,2020-9-15,2022-8-15,699
10000,2020-9-21,2022-4-22,578
10011,2020-9-22,2022-8-16,693
10012,2020-9-22,2022-8-24,701
10019,2020-9-22,2021-9-16,359
10027,2020-9-23,2022-8-26,702
10043,2020-9-25,2022-4-22,574
10045,2020-9-25,2021-11-24,425
10085,2020-10-3,2021-10-1,363
10101,2020-10-6,2021-10-12,371
10144,2020-10-14,2022-8-17,672
10235,2020-10-25,2021-9-1,311
10249,2020-10-27,2021-12-15,414
10251,2020-10-27,2022-8-16,658
10256,2020-10-28,2021-9-8,315
10278,2020-10-30,2022-4-29,546
10280,2020-10-30,2022-7-6,614
10348,2020-11-8,2022-5-23,561
10356,2020-11-9,2022-8-23,652
10367,2020-11-10,2021-9-14,308
10368,2020-11-10,2022-8-3,631
10374,2020-11-11,2022-8-17,644
10376,2020-11-11,2021-7-19,250
10389,2020-11-12,2022-8-15,641
10429,2020-11-23,2021-9-1,282
10453,2020-11-25,2021-9-16,295
10467,2020-11-30,2022-8-30,638
10505,2020-12-5,2021-12-1,361
10554,2020-12-14,2022-8-16,610
10595,2020-12-17,2021-9-1,258
10605,2020-12-19,2021-8-26,250
10607,2020-12-20,2022-5-10,506
10610,2020-12-21,2022-8-16,603
10651,2021-1-5,2021-9-13,251
10666,2021-1-7,2021-11-8,305
10670,2021-1-7,2021-9-20,256
10675,2021-1-8,2021-8-23,227
10678,2021-1-10,2022-7-14,550
10679,2021-1-11,2021-9-10,242
10682,2021-1-11,2022-1-6,360
10693,2021-1-14,2022-8-31,594
10719,2021-1-19,2022-8-18,576
10727,2021-1-19,2022-8-16,574
10751,2021-1-24,2022-4-20,451
10773,2021-1-26,2021-7-27,182
10794,2021-1-27,2021-9-16,232
10824,2021-2-2,2022-2-1,364
10841,2021-2-4,2021-7-28,174
10849,2021-2-5,2022-8-24,565
10851,2021-2-6,2021-7-27,171
10869,2021-2-9,2022-2-14,370
10873,2021-2-9,2021-12-18,312
10886,2021-2-10,2021-10-19,251
10892,2021-2-10,2021-9-22,224
10914,2021-2-12,2021-11-17,278
10915,2021-2-12,2021-7-30,168
10926,2021-2-16,2021-10-13,239
10948,2021-2-19,2022-2-7,353
10979,2021-2-23,2021-9-16,205
11000,2021-2-25,2021-10-26,243
11025,2021-2-28,2022-2-17,354
11036,2021-3-3,2021-10-15,226
11096,2021-3-11,2021-7-21,132
11171,2021-3-22,2021-9-17,179
11192,2021-3-24,2021-9-23,183
11198,2021-3-25,2021-9-2,161
11199,2021-3-25,2021-8-3,131
11205,2021-3-25,2022-8-29,522
11208,2021-3-25,2021-8-18,146
11216,2021-3-26,2021-11-4,223
11218,2021-3-26,2022-1-28,308
11245,2021-3-31,2021-9-10,163
11286,2021-4-6,2021-11-30,238
11469,2021-4-26,2021-11-8,196
11478,2021-4-27,2022-2-10,289
11497,2021-4-29,2021-9-1,125
11503,2021-4-30,2022-8-16,473
11512,2021-5-2,2021-7-9,68
11513,2021-5-2,2022-8-20,475
11555,2021-5-7,2021-10-19,165
11560,2021-5-7,2022-7-18,437
11580,2021-5-11,2022-8-26,472
11584,2021-5-11,2022-3-16,309
11629,2021-5-17,2021-12-20,217
11694,2021-5-24,2021-9-30,129
11748,2021-6-2,2021-7-1,29
11775,2021-6-4,2021-6-21,17
11780,2021-6-7,2021-10-5,120
11789,2021-6-8,2021-6-25,17
11843,2021-6-11,2021-7-21,40
11846,2021-6-11,2021-7-11,30
11852,2021-6-14,2021-7-21,37
11860,2021-6-14,2021-6-18,4
11861,2021-6-14,2021-6-21,7
11864,2021-6-15,2021-6-24,9
11869,2021-6-15,2021-6-21,6
11872,2021-6-15,2021-6-24,9
11878,2021-6-16,2021-6-22,6
11881,2021-6-16,2021-6-18,2
11883,2021-6-17,2021-6-22,5
11887,2021-6-17,2021-7-14,27
11888,2021-6-17,2021-6-28,11
11893,2021-6-17,2021-6-21,4
11895,2021-6-18,2021-6-21,3
11896,2021-6-18,2021-6-18,0
11899,2021-6-18,2021-6-22,4
11900,2021-6-18,2021-6-21,3
11902,2021-6-19,2021-7-22,33
11903,2021-6-19,2021-6-22,3
11904,2021-6-21,2022-6-21,365
11907,2021-6-21,2021-6-21,0
11908,2021-6-21,2021-7-7,16
11909,2021-6-21,2021-7-11,20
11910,2021-6-21,2021-6-24,3
11911,2021-6-21,2021-6-25,4
11913,2021-6-21,2021-7-28,37
11915,2021-6-22,2021-6-22,0
11917,2021-6-22,2021-6-22,0
11918,2021-6-22,2021-6-22,0
11919,2021-6-22,2021-6-22,0
11920,2021-6-22,2021-7-7,15
11922,2021-6-22,2021-6-24,2
11923,2021-6-23,2021-6-24,1
11924,2021-6-23,2021-6-23,0
11928,2021-6-23,2021-6-23,0
11929,2021-6-23,2021-6-24,1
11930,2021-6-23,2021-6-23,0
11931,2021-6-23,2021-7-16,23
11932,2021-6-23,2021-6-23,0
11934,2021-6-23,2021-6-24,1
11935,2021-6-24,2021-6-25,1
11938,2021-6-24,2021-6-25,1
11939,2021-6-25,2021-6-25,0
11942,2021-6-25,2021-6-25,0
11943,2021-6-25,2021-7-6,11
11944,2021-6-25,2021-6-25,0
11945,2021-6-25,2021-6-25,0
11947,2021-6-27,2021-6-29,2
11951,2021-6-28,2021-6-28,0
11952,2021-6-28,2022-6-17,354
11954,2021-6-28,2021-6-30,2
11955,2021-6-28,2021-7-7,9
11956,2021-6-28,2021-7-6,8
11957,2021-6-28,2021-6-29,1
11958,2021-6-29,2021-6-29,0
11959,2021-6-29,2021-6-30,1
11963,2021-6-29,2021-7-13,14
11964,2021-6-29,2021-6-29,0
11965,2021-6-29,2021-6-29,0
11966,2021-6-30,2021-7-16,16
11967,2021-6-30,2021-7-7,7
11969,2021-6-30,2022-7-25,390
11970,2021-6-30,2021-7-7,7
11975,2021-7-1,2021-7-1,0
11977,2021-7-1,2021-7-6,5
11979,2021-7-1,2021-7-6,5
11980,2021-7-2,2021-9-29,89
11981,2021-7-2,2021-7-5,3
11982,2021-7-2,2021-10-7,97
11984,2021-7-2,2021-9-2,62
11985,2021-7-3,2022-2-4,216
11990,2021-7-5,2021-7-5,0
11992,2021-7-6,2021-7-6,0
11993,2021-7-6,2021-7-7,1
11994,2021-7-6,2021-7-6,0
11995,2021-7-6,2021-7-8,2
11996,2021-7-6,2021-7-16,10
11997,2021-7-6,2021-7-6,0
11998,2021-7-6,2021-7-9,3
11999,2021-7-6,2021-7-6,0
12000,2021-7-6,2021-7-7,1
12001,2021-7-6,2022-6-30,359
12002,2021-7-6,2021-7-6,0
12003,2021-7-6,2021-7-7,1
12006,2021-7-7,2021-7-7,0
12007,2021-7-7,2021-7-7,0
12008,2021-7-7,2021-7-7,0
12010,2021-7-7,2021-7-7,0
12011,2021-7-7,2021-7-8,1
12013,2021-7-8,2021-7-8,0
12014,2021-7-8,2021-7-8,0
12015,2021-7-8,2021-7-8,0
12016,2021-7-8,2021-7-8,0
12017,2021-7-8,2021-7-8,0
12019,2021-7-8,2021-7-8,0
12020,2021-7-8,2021-7-9,1
12021,2021-7-8,2021-7-8,0
12022,2021-7-8,2021-7-12,4
12023,2021-7-8,2021-7-8,0
12024,2021-7-8,2021-7-12,4
12025,2021-7-8,2021-7-9,1
12026,2021-7-8,2021-7-15,7
12027,2021-7-9,2021-7-13,4
12029,2021-7-9,2021-7-15,6
12030,2021-7-9,2021-7-15,6
12031,2021-7-9,2021-7-9,0
12032,2021-7-9,2021-9-15,68
12033,2021-7-9,2021-7-9,0
12034,2021-7-9,2021-7-9,0
12035,2021-7-9,2021-7-14,5
12036,2021-7-9,2021-7-9,0
12040,2021-7-12,2021-7-12,0
12042,2021-7-12,2021-7-12,0
12043,2021-7-12,2021-8-3,22
12045,2021-7-12,2021-7-13,1
12046,2021-7-12,2021-7-12,0
12047,2021-7-12,2021-7-12,0
12048,2021-7-12,2021-7-12,0
12049,2021-7-12,2021-7-22,10
12051,2021-7-12,2021-7-15,3
12052,2021-7-13,2021-7-13,0
12054,2021-7-13,2021-7-13,0
12055,2021-7-13,2021-7-13,0
12057,2021-7-13,2021-7-16,3
12058,2021-7-13,2021-7-13,0
12061,2021-7-13,2021-7-14,1
12062,2021-7-13,2021-7-13,0
12063,2021-7-13,2021-7-13,0
12065,2021-7-13,2021-7-14,1
12066,2021-7-13,2021-7-20,7
12069,2021-7-13,2021-7-13,0
12071,2021-7-14,2021-7-14,0
12073,2021-7-14,2021-7-15,1
12074,2021-7-14,2021-7-16,2
12076,2021-7-14,2021-7-14,0
12077,2021-7-14,2021-7-14,0
12079,2021-7-14,2021-7-14,0
12083,2021-7-14,2021-7-16,2
12084,2021-7-14,2021-7-21,7
12086,2021-7-14,2021-7-15,1
12087,2021-7-15,2021-7-15,0
12088,2021-7-15,2021-7-15,0
12089,2021-7-15,2021-7-20,5
12090,2021-7-15,2021-7-16,1
12093,2021-7-15,2021-7-15,0
12094,2021-7-15,2021-7-15,0
12095,2021-7-15,2021-7-15,0
12097,2021-7-15,2021-7-29,14
12098,2021-7-15,2021-7-15,0
12101,2021-7-15,2021-7-15,0
12105,2021-7-15,2021-7-15,0
12106,2021-7-15,2021-7-15,0
12107,2021-7-15,2021-7-16,1
12110,2021-7-16,2021-7-16,0
12111,2021-7-16,2021-7-20,4
12112,2021-7-16,2021-7-16,0
12113,2021-7-16,2021-7-20,4
12115,2021-7-16,2021-7-21,5
12117,2021-7-19,2021-7-19,0
12118,2021-7-19,2021-7-27,8
12119,2021-7-19,2021-7-19,0
12120,2021-7-19,2021-7-19,0
12122,2021-7-19,2021-7-19,0
12123,2021-7-19,2021-7-20,1
12125,2021-7-19,2021-7-19,0
12126,2021-7-20,2021-8-9,20
12127,2021-7-20,2021-7-20,0
12128,2021-7-20,2021-7-21,1
12129,2021-7-20,2021-7-20,0
12130,2021-7-20,2021-7-21,1
12132,2021-7-20,2021-7-20,0
12133,2021-7-20,2021-9-8,50
12138,2021-7-21,2021-7-21,0
12139,2021-7-21,2021-7-22,1
12140,2021-7-21,2021-7-21,0
12142,2021-7-21,2021-8-17,27
12143,2021-7-21,2021-7-21,0
12144,2021-7-21,2021-7-21,0
12145,2021-7-21,2021-7-23,2
12146,2021-7-21,2021-11-24,126
12147,2021-7-22,2021-7-22,0
12148,2021-7-22,2021-7-26,4
12149,2021-7-22,2021-8-3,12
12150,2021-7-22,2021-12-8,139
12151,2021-7-22,2021-7-29,7
12152,2021-7-22,2021-7-23,1
12153,2021-7-22,2021-7-22,0
12156,2021-7-22,2021-9-10,50
12159,2021-7-23,2021-7-26,3
12160,2021-7-23,2021-7-23,0
12162,2021-7-23,2021-8-19,27
12163,2021-7-23,2021-8-3,11
12164,2021-7-24,2021-7-27,3
12165,2021-7-24,2021-11-29,128
12167,2021-7-25,2021-8-20,26
12169,2021-7-26,2021-8-31,36
12171,2021-7-26,2021-7-28,2
12172,2021-7-26,2021-7-27,1
12174,2021-7-27,2021-7-27,0
12175,2021-7-27,2021-7-27,0
12177,2021-7-27,2021-7-27,0
12179,2021-7-27,2021-7-27,0
12180,2021-7-27,2021-7-28,1
12181,2021-7-27,2021-7-27,0
12182,2021-7-27,2021-7-29,2
12184,2021-7-27,2021-7-28,1
12185,2021-7-27,2021-8-9,13
12186,2021-7-27,2021-7-28,1
12187,2021-7-27,2021-7-28,1
12188,2021-7-27,2021-7-29,2
12189,2021-7-28,2021-7-28,0
12190,2021-7-28,2021-7-28,0
12191,2021-7-28,2021-7-28,0
12192,2021-7-28,2021-7-28,0
12195,2021-7-28,2021-7-28,0
12196,2021-7-28,2021-7-30,2
12197,2021-7-28,2021-7-29,1
12198,2021-7-29,2021-8-17,19
12199,2021-7-29,2021-7-29,0
12200,2021-7-29,2021-7-30,1
12203,2021-7-29,2021-7-29,0
12206,2021-7-29,2021-7-29,0
12208,2021-7-29,2021-9-8,41
12209,2021-7-29,2021-7-29,0
12210,2021-7-29,2021-7-30,1
12211,2021-7-29,2021-7-29,0
12212,2021-7-29,2021-8-3,5
12215,2021-7-30,2022-2-16,201
12216,2021-7-30,2021-7-30,0
12218,2021-7-30,2021-8-23,24
12219,2021-7-30,2021-11-9,102
12224,2021-8-2,2021-8-2,0
12229,2021-8-2,2021-8-2,0
12231,2021-8-2,2022-8-18,381
12234,2021-8-2,2021-8-2,0
12236,2021-8-2,2021-8-3,1
12237,2021-8-2,2021-8-2,0
12240,2021-8-3,2021-8-3,0
12242,2021-8-3,2021-8-16,13
12244,2021-8-4,2021-8-18,14
12245,2021-8-4,2021-8-4,0
12246,2021-8-4,2021-8-4,0
12251,2021-8-4,2021-8-4,0
12253,2021-8-4,2021-9-17,44
12255,2021-8-4,2021-9-7,34
12256,2021-8-4,2021-8-4,0
12259,2021-8-4,2021-8-4,0
12262,2021-8-4,2022-1-25,174
12264,2021-8-4,2022-7-1,331
12265,2021-8-4,2021-8-4,0
12266,2021-8-4,2021-8-18,14
12268,2021-8-5,2021-10-6,62
12269,2021-8-5,2021-8-5,0
12271,2021-8-5,2021-8-5,0
12272,2021-8-5,2021-8-23,18
12273,2021-8-5,2021-8-5,0
12274,2021-8-6,2022-1-5,152
12278,2021-8-6,2021-8-19,13
12279,2021-8-6,2021-8-26,20
12281,2021-8-6,2021-8-7,1
12284,2021-8-9,2021-9-16,38
12286,2021-8-9,2021-8-9,0
12288,2021-8-9,2021-8-23,14
12289,2021-8-9,2021-11-15,98
12291,2021-8-9,2021-8-23,14
12293,2021-8-10,2021-8-11,1
12294,2021-8-10,2021-8-16,6
12295,2021-8-10,2021-8-16,6
12296,2021-8-10,2021-8-18,8
12297,2021-8-10,2021-8-19,9
12298,2021-8-10,2021-9-1,22
12301,2021-8-10,2021-8-12,2
12302,2021-8-10,2021-8-12,2
12307,2021-8-11,2021-8-11,0
12308,2021-8-11,2021-8-12,1
12309,2021-8-11,2021-8-17,6
12310,2021-8-11,2021-8-11,0
12311,2021-8-12,2021-8-12,0
12315,2021-8-12,2021-8-19,7
12316,2021-8-12,2021-8-12,0
12317,2021-8-12,2021-8-16,4
12320,2021-8-13,2021-9-3,21
12324,2021-8-13,2021-8-16,3
12332,2021-8-16,2021-8-16,0
12333,2021-8-16,2021-9-7,22
12337,2021-8-17,2021-8-17,0
12338,2021-8-17,2021-8-17,0
12339,2021-8-17,2021-8-17,0
12340,2021-8-17,2021-8-19,2
12341,2021-8-17,2022-1-28,164
12344,2021-8-18,2021-12-20,124
12345,2021-8-18,2021-8-24,6
12346,2021-8-18,2022-8-25,372
12348,2021-8-18,2021-8-18,0
12351,2021-8-18,2021-8-18,0
12352,2021-8-18,2021-10-14,57
12353,2021-8-18,2021-8-19,1
12354,2021-8-18,2021-8-19,1
12356,2021-8-19,2021-8-20,1
12357,2021-8-19,2021-8-19,0
12358,2021-8-19,2021-9-1,13
12359,2021-8-19,2021-9-7,19
12365,2021-8-19,2021-8-30,11
12366,2021-8-19,2021-9-7,19
12367,2021-8-19,2021-8-24,5
12369,2021-8-19,2021-8-19,0
12371,2021-8-19,2021-8-19,0
12372,2021-8-19,2021-8-25,6
12373,2021-8-19,2021-8-23,4
12374,2021-8-19,2022-3-16,209
12376,2021-8-19,2021-8-30,11
12377,2021-8-19,2021-8-19,0
12378,2021-8-19,2021-8-20,1
12379,2021-8-19,2021-8-19,0
12384,2021-8-20,2021-8-20,0
12386,2021-8-20,2021-9-14,25
12388,2021-8-20,2021-9-7,18
12390,2021-8-20,2021-8-26,6
12391,2021-8-20,2021-10-12,53
12392,2021-8-20,2021-8-23,3
12393,2021-8-20,2021-9-7,18
12395,2021-8-21,2021-10-13,53
12400,2021-8-23,2021-8-25,2
12401,2021-8-23,2021-8-24,1
12402,2021-8-23,2022-1-28,158
12404,2021-8-23,2021-8-24,1
12405,2021-8-23,2021-8-23,0
12408,2021-8-23,2021-8-24,1
12409,2021-8-23,2021-8-24,1
12413,2021-8-24,2021-10-1,38
12414,2021-8-24,2021-9-9,16
12417,2021-8-24,2021-8-26,2
12418,2021-8-24,2021-9-13,20
12420,2021-8-24,2021-9-10,17
12421,2021-8-24,2021-9-7,14
12422,2021-8-24,2021-8-25,1
12425,2021-8-25,2021-9-16,22
12428,2021-8-25,2021-11-10,77
12434,2021-8-25,2021-8-25,0
12437,2021-8-25,2021-9-7,13
12438,2021-8-25,2022-1-19,147
12441,2021-8-26,2021-10-7,42
12443,2021-8-26,2022-2-15,173
12444,2021-8-26,2021-8-26,0
12446,2021-8-26,2021-8-26,0
12447,2021-8-27,2021-8-27,0
12449,2021-8-27,2022-3-29,214
12450,2021-8-27,2021-8-27,0
12451,2021-8-27,2022-4-20,236
12452,2021-8-27,2022-5-10,256
12453,2021-8-27,2021-8-27,0
12454,2021-8-27,2021-9-28,32
12455,2021-8-28,2021-8-30,2
12458,2021-8-30,2022-8-19,354
12459,2021-8-30,2021-9-8,9
12460,2021-8-30,2021-8-30,0
12461,2021-8-30,2021-8-30,0
12463,2021-8-31,2021-12-6,97
12464,2021-8-31,2021-9-3,3
12472,2021-9-1,2021-9-1,0
12473,2021-9-1,2021-9-21,20
12474,2021-9-1,2021-9-1,0
12476,2021-9-1,2021-9-3,2
12477,2021-9-1,2021-9-1,0
12478,2021-9-1,2021-9-3,2
12479,2021-9-2,2021-9-2,0
12480,2021-9-2,2021-9-2,0
12481,2021-9-2,2021-9-7,5
12482,2021-9-2,2021-9-3,1
12483,2021-9-2,2021-9-7,5
12484,2021-9-2,2021-9-3,1
12485,2021-9-2,2021-10-13,41
12495,2021-9-7,2021-9-8,1
12498,2021-9-7,2021-9-15,8
12499,2021-9-7,2021-9-15,8
12500,2021-9-7,2021-9-7,0
12501,2021-9-7,2021-9-9,2
12502,2021-9-7,2021-9-17,10
12503,2021-9-7,2021-9-10,3
12504,2021-9-7,2021-9-8,1
12505,2021-9-8,2021-9-9,1
12506,2021-9-8,2021-9-9,1
12508,2021-9-8,2021-10-27,49
12512,2021-9-8,2021-9-13,5
12513,2021-9-8,2021-9-8,0
12514,2021-9-8,2021-9-14,6
12515,2021-9-8,2021-9-8,0
12516,2021-9-8,2021-9-8,0
12517,2021-9-8,2022-8-22,348
12518,2021-9-8,2021-9-8,0
12519,2021-9-8,2021-9-10,2
12521,2021-9-8,2021-9-8,0
12522,2021-9-9,2021-9-22,13
12523,2021-9-9,2021-9-9,0
12524,2021-9-9,2021-10-14,35
12525,2021-9-9,2021-9-14,5
12526,2021-9-9,2021-9-24,15
12527,2021-9-9,2021-9-9,0
12528,2021-9-9,2021-9-13,4
12529,2021-9-9,2021-9-13,4
12530,2021-9-10,2021-9-22,12
12531,2021-9-10,2021-9-10,0
12532,2021-9-10,2021-9-10,0
12533,2021-9-11,2021-12-7,87
12534,2021-9-11,2021-9-13,2
12535,2021-9-11,2021-11-23,73
12538,2021-9-13,2021-9-27,14
12541,2021-9-13,2021-10-4,21
12542,2021-9-13,2021-9-16,3
12543,2021-9-14,2021-9-15,1
12544,2021-9-14,2021-9-17,3
12546,2021-9-14,2021-9-14,0
12547,2021-9-14,2021-9-14,0
12550,2021-9-14,2021-9-14,0
12553,2021-9-14,2021-11-24,71
12554,2021-9-15,2021-9-16,1
12557,2021-9-15,2021-9-16,1
12559,2021-9-15,2021-9-15,0
12560,2021-9-15,2021-9-15,0
12561,2021-9-15,2021-9-15,0
12563,2021-9-15,2021-9-22,7
12564,2021-9-15,2021-9-24,9
12565,2021-9-15,2021-9-21,6
12567,2021-9-16,2021-9-24,8
12570,2021-9-16,2021-10-22,36
12571,2021-9-16,2021-9-22,6
12572,2021-9-16,2021-9-16,0
12573,2021-9-16,2021-9-16,0
12574,2021-9-17,2021-9-17,0
12577,2021-9-17,2021-9-22,5
12578,2021-9-17,2021-9-18,1
12581,2021-9-19,2021-10-7,18
12582,2021-9-20,2021-10-6,16
12585,2021-9-20,2021-9-23,3
12586,2021-9-20,2021-12-7,78
12587,2021-9-20,2021-9-21,1
12588,2021-9-20,2021-9-20,0
12592,2021-9-21,2022-8-19,332
12593,2021-9-21,2021-9-21,0
12596,2021-9-21,2022-8-19,332
12600,2021-9-21,2021-9-21,0
12602,2021-9-21,2021-9-22,1
12608,2021-9-22,2021-9-22,0
12611,2021-9-22,2021-9-22,0
12612,2021-9-22,2021-10-14,22
12615,2021-9-22,2021-9-23,1
12619,2021-9-23,2021-9-27,4
12620,2021-9-23,2021-11-1,39
12621,2021-9-23,2021-9-29,6
12622,2021-9-23,2021-9-27,4
12623,2021-9-24,2021-9-27,3
12624,2021-9-24,2022-1-21,119
12626,2021-9-24,2021-9-29,5
12627,2021-9-24,2021-9-27,3
12628,2021-9-24,2021-9-27,3
12629,2021-9-24,2021-9-29,5
12630,2021-9-24,2021-9-27,3
12631,2021-9-24,2022-8-19,329
12632,2021-9-24,2021-9-27,3
12633,2021-9-24,2021-9-27,3
12635,2021-9-24,2021-9-27,3
12636,2021-9-25,2021-9-27,2
12638,2021-9-26,2022-2-15,142
12640,2021-9-27,2021-10-12,15
12646,2021-9-27,2021-10-4,7
12650,2021-9-27,2021-10-18,21
12652,2021-9-27,2021-9-28,1
12655,2021-9-27,2021-9-28,1
12658,2021-9-28,2022-2-9,134
12663,2021-9-28,2021-9-28,0
12664,2021-9-28,2021-9-29,1
12667,2021-9-29,2021-9-29,0
12668,2021-9-29,2021-10-13,14
12670,2021-9-29,2021-10-7,8
12671,2021-9-29,2021-9-29,0
12672,2021-9-29,2021-10-7,8
12673,2021-9-29,2021-10-12,13
12674,2021-9-29,2021-9-29,0
12676,2021-9-29,2021-9-29,0
12677,2021-9-29,2021-10-1,2
12679,2021-9-30,2021-9-30,0
12680,2021-9-30,2021-9-30,0
12681,2021-9-30,2021-9-30,0
12682,2021-9-30,2021-10-7,7
12683,2021-9-30,2021-10-11,11
12685,2021-9-30,2021-11-8,39
12687,2021-9-30,2021-10-13,13
12688,2021-9-30,2021-9-30,0
12689,2021-9-30,2021-10-22,22
12691,2021-9-30,2021-10-4,4
12692,2021-9-30,2021-9-30,0
12693,2021-9-30,2021-9-30,0
12695,2021-9-30,2021-9-30,0
12696,2021-9-30,2021-9-30,0
12697,2021-9-30,2021-10-1,1
12699,2021-9-30,2022-3-14,165
12700,2021-10-1,2021-10-1,0
12701,2021-10-1,2021-10-8,7
12702,2021-10-1,2022-5-2,213
12703,2021-10-1,2021-10-19,18
12704,2021-10-1,2021-10-1,0
12709,2021-10-1,2021-10-5,4
12711,2021-10-1,2021-10-14,13
12712,2021-10-1,2021-10-1,0
12713,2021-10-2,2021-10-15,13
12715,2021-10-4,2021-10-19,15
12716,2021-10-4,2021-10-4,0
12717,2021-10-4,2021-10-8,4
12718,2021-10-4,2021-10-8,4
12719,2021-10-4,2021-12-9,66
12720,2021-10-4,2021-10-22,18
12724,2021-10-4,2021-10-4,0
12729,2021-10-4,2021-10-25,21
12731,2021-10-4,2021-10-6,2
12733,2021-10-5,2021-10-5,0
12740,2021-10-5,2021-10-5,0
12743,2021-10-5,2021-10-5,0
12744,2021-10-5,2021-10-15,10
12745,2021-10-5,2021-10-8,3
12747,2021-10-5,2021-10-14,9
12751,2021-10-6,2021-10-6,0
12752,2021-10-6,2021-10-11,5
12754,2021-10-6,2021-10-7,1
12755,2021-10-6,2021-10-7,1
12756,2021-10-6,2021-10-7,1
12757,2021-10-6,2021-10-11,5
12758,2021-10-6,2021-10-28,22
12759,2021-10-6,2021-10-8,2
12760,2021-10-7,2021-10-7,0
12762,2021-10-7,2021-10-16,9
12763,2021-10-7,2022-5-5,210
12765,2021-10-7,2021-10-25,18
12766,2021-10-7,2021-10-7,0
12767,2021-10-7,2021-10-7,0
12769,2021-10-7,2021-10-8,1
12770,2021-10-8,2021-10-11,3
12774,2021-10-8,2021-10-8,0
12779,2021-10-8,2021-10-13,5
12780,2021-10-8,2021-10-12,4
12781,2021-10-8,2021-10-12,4
12783,2021-10-8,2021-10-13,5
12784,2021-10-9,2021-12-18,70
12787,2021-10-10,2022-1-24,106
12788,2021-10-10,2021-10-11,1
12789,2021-10-10,2022-2-23,136
12790,2021-10-10,2022-1-26,108
12791,2021-10-10,2022-1-26,108
12792,2021-10-10,2021-11-8,29
12793,2021-10-10,2022-1-25,107
12795,2021-10-11,2021-11-11,31
12796,2021-10-11,2021-10-26,15
12798,2021-10-11,2021-10-11,0
12799,2021-10-11,2021-10-12,1
12800,2021-10-11,2021-10-13,2
12801,2021-10-11,2021-10-14,3
12802,2021-10-11,2021-10-20,9
12803,2021-10-11,2021-10-11,0
12804,2021-10-11,2021-12-18,68
12806,2021-10-12,2021-10-12,0
12807,2021-10-12,2021-10-12,0
12808,2021-10-12,2021-11-18,37
12809,2021-10-12,2021-10-13,1
12810,2021-10-12,2021-10-13,1
12811,2021-10-12,2021-10-13,1
12812,2021-10-12,2021-10-22,10
12813,2021-10-13,2022-6-14,244
12814,2021-10-13,2021-10-14,1
12816,2021-10-13,2021-10-14,1
12817,2021-10-13,2021-10-14,1
12818,2021-10-13,2021-10-13,0
12819,2021-10-13,2021-10-14,1
12820,2021-10-13,2021-10-14,1
12821,2021-10-13,2021-10-13,0
12822,2021-10-13,2021-10-13,0
12823,2021-10-13,2021-10-14,1
12825,2021-10-14,2021-10-19,5
12826,2021-10-14,2021-10-14,0
12827,2021-10-14,2021-10-14,0
12828,2021-10-14,2021-10-14,0
12832,2021-10-14,2021-10-15,1
12833,2021-10-14,2021-10-19,5
12834,2021-10-14,2021-10-19,5
12835,2021-10-14,2021-10-14,0
12839,2021-10-14,2021-10-19,5
12840,2021-10-15,2021-10-15,0
12841,2021-10-15,2021-11-11,27
12842,2021-10-15,2021-10-15,0
12843,2021-10-15,2021-10-27,12
12844,2021-10-15,2021-10-20,5
12845,2021-10-15,2021-10-22,7
12846,2021-10-15,2021-10-15,0
12847,2021-10-15,2021-10-15,0
12848,2021-10-15,2021-10-15,0
12849,2021-10-15,2022-8-19,308
12851,2021-10-15,2021-10-16,1
12852,2021-10-16,2021-11-4,19
12854,2021-10-18,2021-10-18,0
12856,2021-10-18,2021-10-19,1
12857,2021-10-18,2021-10-19,1
12858,2021-10-18,2021-10-21,3
12859,2021-10-18,2021-10-18,0
12860,2021-10-19,2021-10-19,0
12863,2021-10-19,2021-10-19,0
12864,2021-10-19,2021-10-20,1
12865,2021-10-19,2021-10-19,0
12868,2021-10-19,2021-10-21,2
12871,2021-10-19,2021-10-20,1
12872,2021-10-19,2021-11-12,24
12876,2021-10-19,2021-10-19,0
12877,2021-10-20,2021-10-20,0
12879,2021-10-20,2022-4-18,180
12880,2021-10-20,2022-8-19,303
12881,2021-10-20,2021-10-20,0
12884,2021-10-20,2021-10-20,0
12885,2021-10-20,2021-11-2,13
12886,2021-10-20,2021-10-26,6
12887,2021-10-20,2021-10-21,1
12888,2021-10-20,2021-10-22,2
12889,2021-10-20,2021-10-20,0
12890,2021-10-20,2021-10-21,1
12891,2021-10-20,2021-10-21,1
12894,2021-10-21,2021-12-3,43
12895,2021-10-21,2021-10-22,1
12896,2021-10-21,2021-11-15,25
12898,2021-10-21,2021-10-22,1
12901,2021-10-21,2021-10-22,1
12902,2021-10-22,2021-10-22,0
12903,2021-10-22,2021-10-22,0
12904,2021-10-22,2021-10-29,7
12906,2021-10-22,2021-10-22,0
12907,2021-10-22,2021-10-26,4
12908,2021-10-22,2021-10-22,0
12909,2021-10-22,2021-10-22,0
12910,2021-10-22,2021-10-22,0
12911,2021-10-22,2021-10-22,0
12913,2021-10-22,2021-10-22,0
12914,2021-10-23,2021-10-26,3
12916,2021-10-25,2021-10-25,0
12918,2021-10-25,2021-10-25,0
12919,2021-10-25,2021-10-26,1
12920,2021-10-25,2021-10-26,1
12921,2021-10-25,2021-10-28,3
12924,2021-10-25,2021-10-28,3
12925,2021-10-25,2021-10-26,1
12926,2021-10-26,2021-10-26,0
12927,2021-10-26,2021-11-15,20
12929,2021-10-26,2021-10-26,0
12930,2021-10-26,2021-10-27,1
12931,2021-10-26,2021-10-26,0
12932,2021-10-26,2021-10-27,1
12933,2021-10-26,2021-10-27,1
12934,2021-10-27,2021-10-27,0
12935,2021-10-27,2021-11-1,5
12936,2021-10-27,2022-2-4,100
12938,2021-10-27,2021-10-27,0
12939,2021-10-27,2021-11-2,6
12940,2021-10-27,2021-11-1,5
12941,2021-10-27,2021-11-2,6
12942,2021-10-27,2021-11-4,8
12944,2021-10-27,2021-11-16,20
12945,2021-10-27,2021-10-29,2
12946,2021-10-27,2021-10-28,1
12947,2021-10-27,2021-10-28,1
12948,2021-10-28,2021-10-28,0
12949,2021-10-28,2021-10-28,0
12953,2021-10-28,2021-10-28,0
12954,2021-10-28,2021-10-28,0
12955,2021-10-28,2021-10-29,1
12956,2021-10-28,2021-10-28,0
12959,2021-10-28,2021-10-28,0
12960,2021-10-28,2021-10-28,0
12961,2021-10-28,2021-10-28,0
12963,2021-10-29,2021-10-29,0
12964,2021-10-29,2021-10-29,0
12965,2021-10-29,2022-3-29,151
12968,2021-10-29,2021-11-1,3
12970,2021-10-29,2021-11-2,4
12973,2021-10-29,2021-10-30,1
12975,2021-10-29,2021-11-1,3
12976,2021-10-29,2021-12-7,39
12977,2021-10-29,2021-10-29,0
12978,2021-10-29,2022-6-14,228
12980,2021-10-31,2021-11-17,17
12983,2021-11-1,2021-11-1,0
12984,2021-11-1,2021-11-3,2
12987,2021-11-1,2021-11-3,2
12988,2021-11-1,2021-11-1,0
12989,2021-11-1,2021-11-1,0
12990,2021-11-1,2021-11-1,0
12991,2021-11-1,2022-6-15,226
12992,2021-11-1,2021-11-1,0
12993,2021-11-1,2021-11-1,0
12998,2021-11-1,2021-11-2,1
13000,2021-11-1,2021-12-1,30
13006,2021-11-1,2021-11-2,1
13007,2021-11-1,2021-11-12,11
13008,2021-11-2,2022-2-23,113
13009,2021-11-2,2021-11-8,6
13013,2021-11-2,2021-11-2,0
13014,2021-11-2,2022-8-16,287
13015,2021-11-2,2021-11-8,6
13016,2021-11-2,2021-11-2,0
13017,2021-11-2,2021-11-3,1
13018,2021-11-2,2021-11-2,0
13019,2021-11-2,2021-11-18,16
13020,2021-11-2,2021-11-2,0
13022,2021-11-2,2021-11-12,10
13024,2021-11-3,2021-12-8,35
13027,2021-11-3,2021-11-19,16
13030,2021-11-3,2021-11-3,0
13031,2021-11-3,2021-11-3,0
13032,2021-11-3,2021-11-4,1
13033,2021-11-3,2021-11-3,0
13034,2021-11-3,2021-11-3,0
13035,2021-11-3,2021-11-9,6
13038,2021-11-3,2021-11-4,1
13039,2021-11-3,2021-11-5,2
13041,2021-11-4,2021-11-19,15
13042,2021-11-4,2021-11-8,4
13044,2021-11-4,2021-11-24,20
13048,2021-11-4,2021-12-14,40
13050,2021-11-4,2021-11-4,0
13054,2021-11-4,2021-11-4,0
13058,2021-11-4,2021-11-10,6
13059,2021-11-4,2021-11-4,0
13063,2021-11-5,2021-11-5,0
13064,2021-11-5,2021-11-9,4
13066,2021-11-5,2021-11-5,0
13067,2021-11-5,2021-11-5,0
13071,2021-11-5,2021-11-5,0
13073,2021-11-7,2021-11-8,1
13075,2021-11-8,2021-11-30,22
13077,2021-11-8,2021-11-8,0
13078,2021-11-8,2021-11-10,2
13079,2021-11-8,2021-11-8,0
13080,2021-11-8,2021-12-13,35
13081,2021-11-8,2021-11-16,8
13082,2021-11-8,2021-11-8,0
13083,2021-11-8,2021-11-9,1
13084,2021-11-8,2021-11-8,0
13086,2021-11-8,2021-11-8,0
13087,2021-11-8,2021-11-10,2
13088,2021-11-8,2021-12-6,28
13090,2021-11-9,2021-11-12,3
13091,2021-11-9,2021-11-9,0
13092,2021-11-9,2022-8-24,288
13093,2021-11-9,2021-11-9,0
13095,2021-11-9,2021-11-9,0
13098,2021-11-9,2021-11-9,0
13103,2021-11-9,2021-11-10,1
13104,2021-11-9,2022-2-9,92
13105,2021-11-9,2021-11-9,0
13106,2021-11-9,2021-11-10,1
13107,2021-11-9,2021-11-17,8
13108,2021-11-10,2021-11-10,0
13109,2021-11-10,2021-11-10,0
13111,2021-11-10,2021-11-15,5
13114,2021-11-10,2021-11-10,0
13117,2021-11-10,2021-11-11,1
13118,2021-11-11,2021-11-12,1
13123,2021-11-11,2021-12-17,36
13124,2021-11-11,2021-11-11,0
13127,2021-11-11,2021-11-11,0
13132,2021-11-12,2021-11-12,0
13133,2021-11-12,2021-11-15,3
13134,2021-11-12,2021-11-12,0
13135,2021-11-12,2021-12-21,39
13136,2021-11-12,2021-11-12,0
13137,2021-11-12,2021-11-17,5
13138,2021-11-12,2021-11-15,3
13139,2021-11-13,2022-2-4,83
13140,2021-11-15,2022-1-3,49
13142,2021-11-15,2021-11-15,0
13143,2021-11-15,2021-11-15,0
13145,2021-11-15,2021-11-15,0
13146,2021-11-15,2021-11-29,14
13148,2021-11-15,2022-2-4,81
13149,2021-11-15,2021-11-16,1
13150,2021-11-15,2021-11-30,15
13152,2021-11-15,2021-11-16,1
13153,2021-11-16,2021-11-16,0
13154,2021-11-16,2021-11-16,0
13155,2021-11-16,2021-12-1,15
13156,2021-11-16,2021-11-16,0
13159,2021-11-16,2021-12-15,29
13162,2021-11-16,2021-11-23,7
13163,2021-11-16,2021-12-15,29
13165,2021-11-16,2021-11-16,0
13166,2021-11-16,2021-11-23,7
13167,2021-11-16,2021-11-23,7
13168,2021-11-16,2021-11-16,0
13169,2021-11-16,2021-11-16,0
13175,2021-11-16,2021-11-17,1
13176,2021-11-17,2021-11-17,0
13177,2021-11-17,2021-11-17,0
13178,2021-11-17,2021-11-23,6
13181,2021-11-17,2021-11-18,1
13186,2021-11-17,2021-11-17,0
13187,2021-11-17,2021-11-17,0
13189,2021-11-17,2021-11-17,0
13191,2021-11-17,2022-1-12,56
13194,2021-11-17,2021-11-17,0
13195,2021-11-17,2021-11-29,12
13196,2021-11-18,2021-11-18,0
13197,2021-11-18,2022-8-19,274
13198,2021-11-18,2021-12-2,14
13199,2021-11-18,2021-11-19,1
13200,2021-11-18,2021-11-23,5
13201,2021-11-18,2021-11-18,0
13202,2021-11-18,2021-11-22,4
13205,2021-11-18,2021-11-18,0
13206,2021-11-18,2021-11-18,0
13211,2021-11-18,2021-12-7,19
13215,2021-11-18,2022-1-12,55
13221,2021-11-18,2021-11-19,1
13222,2021-11-18,2022-2-4,78
13228,2021-11-19,2021-11-19,0
13230,2021-11-19,2021-11-19,0
13231,2021-11-19,2021-11-22,3
13233,2021-11-20,2021-12-21,31
13235,2021-11-22,2021-11-23,1
13236,2021-11-22,2021-12-6,14
13237,2021-11-22,2021-11-22,0
13238,2021-11-22,2021-11-23,1
13239,2021-11-22,2021-11-29,7
13241,2021-11-22,2021-11-23,1
13244,2021-11-23,2021-11-23,0
13245,2021-11-23,2021-11-24,1
13247,2021-11-23,2021-11-24,1
13249,2021-11-23,2021-11-23,0
13250,2021-11-23,2021-11-23,0
13252,2021-11-23,2021-11-24,1
13254,2021-11-23,2021-11-23,0
13255,2021-11-23,2021-12-10,17
13257,2021-11-23,2021-11-24,1
13259,2021-11-23,2021-11-29,6
13262,2021-11-23,2021-11-23,0
13263,2021-11-23,2021-11-24,1
13265,2021-11-23,2021-11-24,1
13266,2021-11-23,2021-11-24,1
13267,2021-11-24,2021-11-24,0
13272,2021-11-24,2021-11-24,0
13275,2021-11-24,2021-12-8,14
13277,2021-11-24,2021-11-29,5
13280,2021-11-25,2021-12-7,12
13282,2021-11-25,2021-11-25,0
13286,2021-11-25,2021-11-26,1
13287,2021-11-25,2021-11-27,2
13292,2021-11-29,2021-11-30,1
13298,2021-11-29,2021-11-29,0
13310,2021-11-30,2021-11-30,0
13313,2021-11-30,2021-11-30,0
13316,2021-11-30,2022-2-4,66
13318,2021-12-1,2021-12-2,1
13321,2021-12-1,2021-12-1,0
13323,2021-12-1,2021-12-1,0
13324,2021-12-1,2021-12-7,6
13327,2021-12-2,2021-12-20,18
13328,2021-12-2,2021-12-2,0
13329,2021-12-2,2021-12-2,0
13330,2021-12-2,2021-12-2,0
13332,2021-12-2,2021-12-14,12
13335,2021-12-3,2022-2-18,77
13336,2021-12-3,2021-12-3,0
13338,2021-12-3,2021-12-6,3
13339,2021-12-3,2021-12-17,14
13343,2021-12-4,2021-12-6,2
13344,2021-12-4,2021-12-14,10
13345,2021-12-5,2021-12-20,15
13348,2021-12-6,2022-1-3,28
13351,2021-12-6,2021-12-7,1
13352,2021-12-6,2021-12-7,1
13354,2021-12-7,2021-12-7,0
13355,2021-12-7,2021-12-7,0
13362,2021-12-8,2021-12-8,0
13365,2021-12-8,2021-12-9,1
13366,2021-12-8,2021-12-8,0
13367,2021-12-8,2021-12-8,0
13368,2021-12-8,2022-8-16,251
13370,2021-12-8,2021-12-8,0
13371,2021-12-8,2021-12-10,2
13372,2021-12-8,2021-12-15,7
13375,2021-12-9,2021-12-9,0
13377,2021-12-9,2022-7-22,225
13378,2021-12-9,2021-12-9,0
13385,2021-12-9,2021-12-10,1
13387,2021-12-10,2022-6-15,187
13389,2021-12-10,2021-12-10,0
13390,2021-12-10,2021-12-10,0
13392,2021-12-10,2021-12-10,0
13394,2021-12-10,2021-12-10,0
13395,2021-12-10,2021-12-10,0
13396,2021-12-10,2021-12-10,0
13399,2021-12-10,2021-12-13,3
13401,2021-12-10,2022-2-4,56
13402,2021-12-11,2022-2-7,58
13405,2021-12-13,2021-12-13,0
13407,2021-12-13,2021-12-13,0
13408,2021-12-13,2021-12-14,1
13409,2021-12-13,2022-1-21,39
13411,2021-12-13,2021-12-15,2
13412,2021-12-13,2021-12-14,1
13413,2021-12-13,2021-12-14,1
13414,2021-12-14,2022-1-10,27
13415,2021-12-14,2021-12-21,7
13419,2021-12-14,2021-12-14,0
13420,2021-12-14,2021-12-14,0
13425,2021-12-14,2021-12-14,0
13428,2021-12-14,2021-12-15,1
13433,2021-12-14,2021-12-14,0
13435,2021-12-14,2021-12-15,1
13438,2021-12-15,2022-2-9,56
13439,2021-12-15,2022-1-6,22
13441,2021-12-15,2021-12-16,1
13443,2021-12-15,2021-12-17,2
13449,2021-12-15,2021-12-16,1
13451,2021-12-15,2021-12-22,7
13452,2021-12-15,2021-12-15,0
13454,2021-12-16,2021-12-16,0
13457,2021-12-16,2021-12-16,0
13458,2021-12-16,2021-12-16,0
13461,2021-12-16,2021-12-16,0
13462,2021-12-16,2022-3-7,81
13463,2021-12-16,2021-12-16,0
13465,2021-12-17,2022-1-29,43
13468,2021-12-17,2021-12-17,0
13469,2021-12-17,2021-12-20,3
13470,2021-12-17,2021-12-22,5
13474,2021-12-20,2022-8-24,247
13475,2021-12-20,2021-12-21,1
13476,2021-12-20,2021-12-22,2
13482,2021-12-20,2021-12-20,0
13483,2021-12-20,2021-12-21,1
13486,2021-12-21,2021-12-21,0
13487,2021-12-21,2021-12-22,1
13488,2021-12-21,2021-12-21,0
13490,2021-12-21,2022-3-3,72
13491,2021-12-21,2021-12-22,1
13492,2021-12-21,2021-12-22,1
13496,2021-12-21,2021-12-21,0
13500,2021-12-22,2022-2-7,47
13509,2021-12-22,2021-12-23,1
13515,2021-12-22,2021-12-22,0
13516,2021-12-22,2021-12-23,1
13521,2021-12-23,2022-1-3,11
13522,2021-12-23,2022-1-3,11
13524,2021-12-24,2021-12-25,1
13527,2021-12-27,2022-1-31,35
13529,2021-12-28,2022-2-4,38
13531,2021-12-29,2022-1-25,27
13537,2021-12-31,2022-1-20,20
13539,2022-1-1,2022-1-4,3
13540,2022-1-2,2022-3-8,65
13543,2022-1-3,2022-1-3,0
13544,2022-1-3,2022-1-10,7
13548,2022-1-3,2022-1-3,0
13550,2022-1-3,2022-1-3,0
13552,2022-1-3,2022-1-3,0
13553,2022-1-3,2022-1-3,0
13561,2022-1-4,2022-1-4,0
13562,2022-1-4,2022-1-4,0
13567,2022-1-4,2022-1-6,2
13568,2022-1-5,2022-1-7,2
13571,2022-1-5,2022-1-7,2
13572,2022-1-5,2022-1-5,0
13573,2022-1-5,2022-1-11,6
13574,2022-1-5,2022-1-6,1
13579,2022-1-5,2022-1-5,0
13583,2022-1-5,2022-1-5,0
13585,2022-1-6,2022-1-7,1
13586,2022-1-6,2022-1-7,1
13590,2022-1-6,2022-1-6,0
13592,2022-1-7,2022-1-10,3
13593,2022-1-7,2022-1-7,0
13595,2022-1-7,2022-1-15,8
13601,2022-1-7,2022-1-10,3
13603,2022-1-7,2022-1-13,6
13604,2022-1-8,2022-1-10,2
13606,2022-1-8,2022-1-17,9
13609,2022-1-10,2022-1-10,0
13612,2022-1-10,2022-1-11,1
13613,2022-1-10,2022-1-11,1
13614,2022-1-10,2022-1-11,1
13615,2022-1-10,2022-1-11,1
13619,2022-1-10,2022-3-16,65
13620,2022-1-10,2022-1-11,1
13627,2022-1-11,2022-1-31,20
13628,2022-1-11,2022-1-11,0
13630,2022-1-11,2022-7-21,191
13631,2022-1-11,2022-1-13,2
13632,2022-1-11,2022-1-12,1
13633,2022-1-11,2022-1-13,2
13634,2022-1-11,2022-1-13,2
13635,2022-1-12,2022-1-13,1
13637,2022-1-12,2022-1-18,6
13640,2022-1-12,2022-1-13,1
13641,2022-1-12,2022-1-13,1
13642,2022-1-13,2022-1-13,0
13643,2022-1-13,2022-1-18,5
13644,2022-1-13,2022-1-18,5
13646,2022-1-13,2022-2-24,42
13650,2022-1-13,2022-3-16,62
13659,2022-1-13,2022-1-14,1
13660,2022-1-13,2022-1-20,7
13661,2022-1-13,2022-1-18,5
13662,2022-1-13,2022-1-19,6
13667,2022-1-14,2022-1-14,0
13668,2022-1-14,2022-1-14,0
13669,2022-1-14,2022-1-20,6
13673,2022-1-15,2022-1-18,3
13675,2022-1-16,2022-2-18,33
13678,2022-1-17,2022-1-19,2
13679,2022-1-17,2022-1-19,2
13682,2022-1-17,2022-1-20,3
13683,2022-1-17,2022-1-20,3
13684,2022-1-18,2022-1-18,0
13690,2022-1-18,2022-1-19,1
13691,2022-1-18,2022-1-20,2
13692,2022-1-18,2022-1-18,0
13693,2022-1-18,2022-1-19,1
13696,2022-1-18,2022-1-19,1
13699,2022-1-19,2022-1-19,0
13702,2022-1-19,2022-1-27,8
13703,2022-1-19,2022-1-24,5
13707,2022-1-19,2022-7-11,173
13708,2022-1-19,2022-1-19,0
13714,2022-1-19,2022-1-20,1
13716,2022-1-19,2022-1-24,5
13717,2022-1-19,2022-1-25,6
13721,2022-1-20,2022-4-22,92
13727,2022-1-20,2022-1-20,0
13728,2022-1-20,2022-1-20,0
13730,2022-1-20,2022-7-22,183
13736,2022-1-20,2022-1-31,11
13740,2022-1-21,2022-1-21,0
13747,2022-1-22,2022-1-24,2
13748,2022-1-22,2022-1-24,2
13749,2022-1-22,2022-1-24,2
13751,2022-1-23,2022-1-24,1
13759,2022-1-24,2022-1-24,0
13763,2022-1-24,2022-1-26,2
13765,2022-1-24,2022-2-4,11
13766,2022-1-24,2022-2-14,21
13767,2022-1-24,2022-1-24,0
13768,2022-1-24,2022-1-26,2
13772,2022-1-24,2022-1-24,0
13775,2022-1-25,2022-1-25,0
13776,2022-1-25,2022-1-25,0
13777,2022-1-25,2022-2-1,7
13778,2022-1-25,2022-1-25,0
13782,2022-1-25,2022-2-4,10
13787,2022-1-26,2022-8-17,203
13788,2022-1-26,2022-1-27,1
13790,2022-1-26,2022-2-4,9
13793,2022-1-26,2022-1-27,1
13794,2022-1-26,2022-1-27,1
13795,2022-1-26,2022-1-27,1
13796,2022-1-26,2022-1-28,2
13798,2022-1-26,2022-2-4,9
13799,2022-1-26,2022-1-27,1
13803,2022-1-27,2022-1-31,4
13805,2022-1-27,2022-1-28,1
13808,2022-1-27,2022-1-27,0
13811,2022-1-27,2022-1-27,0
13812,2022-1-27,2022-2-2,6
13813,2022-1-27,2022-1-27,0
13814,2022-1-27,2022-1-28,1
13815,2022-1-27,2022-1-27,0
13816,2022-1-27,2022-2-7,11
13819,2022-1-27,2022-1-28,1
13825,2022-1-28,2022-1-28,0
13836,2022-1-28,2022-1-31,3
13841,2022-1-29,2022-2-4,6
13850,2022-1-31,2022-2-9,9
13852,2022-1-31,2022-1-31,0
13856,2022-1-31,2022-2-8,8
13859,2022-2-1,2022-6-6,125
13868,2022-2-1,2022-2-2,1
13871,2022-2-2,2022-2-7,5
13872,2022-2-2,2022-2-2,0
13876,2022-2-2,2022-2-2,0
13877,2022-2-2,2022-4-12,69
13879,2022-2-2,2022-2-2,0
13881,2022-2-2,2022-2-4,2
13883,2022-2-2,2022-2-22,20
13884,2022-2-3,2022-2-3,0
13885,2022-2-3,2022-2-8,5
13888,2022-2-3,2022-2-3,0
13889,2022-2-3,2022-2-8,5
13893,2022-2-3,2022-2-14,11
13894,2022-2-3,2022-2-4,1
13895,2022-2-3,2022-2-9,6
13905,2022-2-4,2022-2-4,0
13907,2022-2-4,2022-2-8,4
13908,2022-2-4,2022-2-7,3
13913,2022-2-4,2022-2-5,1
13914,2022-2-4,2022-2-4,0
13917,2022-2-5,2022-2-15,10
13920,2022-2-7,2022-2-7,0
13924,2022-2-7,2022-2-7,0
13925,2022-2-7,2022-2-10,3
13927,2022-2-7,2022-2-8,1
13930,2022-2-7,2022-2-10,3
13931,2022-2-7,2022-2-8,1
13935,2022-2-7,2022-2-7,0
13937,2022-2-7,2022-2-10,3
13938,2022-2-7,2022-2-7,0
13939,2022-2-7,2022-2-7,0
13940,2022-2-7,2022-2-7,0
13943,2022-2-7,2022-3-1,22
13944,2022-2-7,2022-2-8,1
13947,2022-2-8,2022-2-11,3
13948,2022-2-8,2022-2-9,1
13950,2022-2-8,2022-2-8,0
13951,2022-2-8,2022-2-8,0
13958,2022-2-8,2022-2-9,1
13959,2022-2-8,2022-2-9,1
13960,2022-2-8,2022-2-19,11
13961,2022-2-9,2022-2-9,0
13964,2022-2-9,2022-2-10,1
13966,2022-2-9,2022-2-9,0
13967,2022-2-9,2022-2-9,0
13968,2022-2-9,2022-2-9,0
13969,2022-2-9,2022-2-9,0
13970,2022-2-9,2022-2-9,0
13973,2022-2-9,2022-2-9,0
13974,2022-2-9,2022-2-9,0
13991,2022-2-9,2022-2-17,8
13992,2022-2-9,2022-2-10,1
13993,2022-2-9,2022-2-10,1
13994,2022-2-9,2022-2-10,1
13999,2022-2-10,2022-2-11,1
14003,2022-2-10,2022-2-10,0
14006,2022-2-10,2022-2-18,8
14008,2022-2-10,2022-2-15,5
14011,2022-2-10,2022-2-11,1
14012,2022-2-11,2022-4-4,52
14013,2022-2-11,2022-2-11,0
14014,2022-2-11,2022-2-17,6
14015,2022-2-11,2022-8-16,186
14020,2022-2-11,2022-2-11,0
14022,2022-2-11,2022-2-11,0
14024,2022-2-11,2022-2-23,12
14025,2022-2-11,2022-2-17,6
14026,2022-2-11,2022-2-14,3
14027,2022-2-11,2022-2-18,7
14030,2022-2-11,2022-2-14,3
14031,2022-2-11,2022-2-15,4
14033,2022-2-12,2022-2-17,5
14036,2022-2-13,2022-2-14,1
14037,2022-2-13,2022-2-14,1
14038,2022-2-13,2022-2-16,3
14042,2022-2-14,2022-2-25,11
14044,2022-2-14,2022-2-14,0
14049,2022-2-14,2022-2-17,3
14050,2022-2-14,2022-2-14,0
14051,2022-2-14,2022-2-14,0
14054,2022-2-14,2022-2-17,3
14055,2022-2-14,2022-3-4,18
14061,2022-2-14,2022-2-15,1
14062,2022-2-14,2022-2-14,0
14064,2022-2-14,2022-2-15,1
14066,2022-2-15,2022-2-16,1
14067,2022-2-15,2022-2-16,1
14068,2022-2-15,2022-4-21,65
14069,2022-2-15,2022-6-6,111
14074,2022-2-15,2022-2-22,7
14075,2022-2-15,2022-2-15,0
14078,2022-2-15,2022-2-15,0
14079,2022-2-15,2022-2-18,3
14080,2022-2-15,2022-2-15,0
14081,2022-2-15,2022-2-15,0
14082,2022-2-15,2022-2-22,7
14087,2022-2-15,2022-2-17,2
14089,2022-2-15,2022-2-15,0
14093,2022-2-15,2022-2-16,1
14095,2022-2-16,2022-2-18,2
14098,2022-2-16,2022-2-18,2
14101,2022-2-16,2022-2-16,0
14102,2022-2-16,2022-2-18,2
14103,2022-2-16,2022-2-16,0
14104,2022-2-16,2022-2-16,0
14105,2022-2-16,2022-2-17,1
14107,2022-2-16,2022-2-16,0
14108,2022-2-16,2022-2-16,0
14109,2022-2-16,2022-2-17,1
14112,2022-2-16,2022-2-17,1
14118,2022-2-17,2022-2-17,0
14119,2022-2-17,2022-2-22,5
14121,2022-2-17,2022-2-18,1
14126,2022-2-17,2022-2-17,0
14127,2022-2-17,2022-2-17,0
14128,2022-2-17,2022-2-25,8
14130,2022-2-17,2022-2-17,0
14131,2022-2-17,2022-2-24,7
14134,2022-2-17,2022-2-17,0
14135,2022-2-17,2022-2-17,0
14136,2022-2-17,2022-2-25,8
14138,2022-2-17,2022-2-18,1
14139,2022-2-17,2022-2-17,0
14140,2022-2-17,2022-2-17,0
14141,2022-2-17,2022-2-18,1
14142,2022-2-17,2022-2-18,1
14143,2022-2-17,2022-2-18,1
14144,2022-2-17,2022-2-22,5
14145,2022-2-17,2022-2-17,0
14147,2022-2-17,2022-2-18,1
14148,2022-2-17,2022-2-18,1
14151,2022-2-18,2022-2-18,0
14152,2022-2-18,2022-3-7,17
14159,2022-2-18,2022-2-18,0
14160,2022-2-18,2022-2-18,0
14161,2022-2-18,2022-3-9,19
14162,2022-2-18,2022-2-24,6
14163,2022-2-18,2022-2-18,0
14164,2022-2-18,2022-2-18,0
14165,2022-2-18,2022-2-24,6
14166,2022-2-18,2022-2-22,4
14167,2022-2-18,2022-2-22,4
14168,2022-2-18,2022-2-18,0
14171,2022-2-19,2022-2-19,0
14178,2022-2-20,2022-5-19,88
14179,2022-2-21,2022-2-21,0
14180,2022-2-21,2022-2-23,2
14181,2022-2-21,2022-2-22,1
14190,2022-2-22,2022-2-23,1
14193,2022-2-22,2022-2-22,0
14195,2022-2-22,2022-2-22,0
14196,2022-2-22,2022-3-1,7
14197,2022-2-22,2022-2-23,1
14199,2022-2-22,2022-5-23,90
14201,2022-2-22,2022-2-22,0
14203,2022-2-22,2022-2-22,0
14205,2022-2-22,2022-2-23,1
14206,2022-2-22,2022-2-23,1
14207,2022-2-22,2022-7-21,149
14208,2022-2-22,2022-2-22,0
14209,2022-2-22,2022-2-22,0
14210,2022-2-22,2022-2-22,0
14211,2022-2-22,2022-2-23,1
14212,2022-2-22,2022-2-23,1
14213,2022-2-23,2022-2-23,0
14214,2022-2-23,2022-2-23,0
14217,2022-2-23,2022-3-12,17
14222,2022-2-23,2022-2-23,0
14223,2022-2-23,2022-2-25,2
14224,2022-2-23,2022-2-23,0
14230,2022-2-23,2022-2-23,0
14231,2022-2-23,2022-2-24,1
14232,2022-2-23,2022-2-23,0
14233,2022-2-23,2022-2-23,0
14235,2022-2-23,2022-2-23,0
14236,2022-2-23,2022-2-24,1
14237,2022-2-23,2022-2-24,1
14238,2022-2-23,2022-2-24,1
14239,2022-2-23,2022-2-23,0
14240,2022-2-23,2022-2-24,1
14243,2022-2-23,2022-2-23,0
14244,2022-2-24,2022-2-24,0
14246,2022-2-24,2022-2-24,0
14247,2022-2-24,2022-2-28,4
14250,2022-2-24,2022-2-24,0
14256,2022-2-24,2022-2-24,0
14260,2022-2-24,2022-2-25,1
14264,2022-2-24,2022-2-25,1
14268,2022-2-24,2022-2-25,1
14269,2022-2-25,2022-3-14,17
14270,2022-2-25,2022-2-25,0
14271,2022-2-25,2022-2-25,0
14276,2022-2-25,2022-2-25,0
14277,2022-2-25,2022-2-25,0
14280,2022-2-25,2022-2-25,0
14284,2022-2-25,2022-2-25,0
14286,2022-2-25,2022-2-25,0
14287,2022-2-25,2022-2-25,0
14288,2022-2-25,2022-2-25,0
14289,2022-2-25,2022-2-25,0
14290,2022-2-25,2022-2-25,0
14291,2022-2-25,2022-2-25,0
14292,2022-2-25,2022-2-28,3
14293,2022-2-25,2022-2-26,1
14294,2022-2-25,2022-3-3,6
14297,2022-2-26,2022-8-31,186
14298,2022-2-28,2022-2-28,0
14300,2022-2-28,2022-2-28,0
14301,2022-2-28,2022-3-8,8
14302,2022-2-28,2022-3-7,7
14303,2022-2-28,2022-2-28,0
14305,2022-2-28,2022-2-28,0
14309,2022-2-28,2022-2-28,0
14310,2022-2-28,2022-2-28,0
14311,2022-2-28,2022-3-23,23
14312,2022-2-28,2022-3-2,2
14313,2022-2-28,2022-3-2,2
14314,2022-2-28,2022-3-4,4
14315,2022-2-28,2022-3-17,17
14317,2022-3-1,2022-3-7,6
14318,2022-3-1,2022-3-8,7
14320,2022-3-1,2022-3-1,0
14321,2022-3-1,2022-3-4,3
14323,2022-3-1,2022-3-1,0
14324,2022-3-1,2022-3-15,14
14325,2022-3-1,2022-5-31,91
14326,2022-3-1,2022-3-1,0
14328,2022-3-1,2022-3-30,29
14329,2022-3-1,2022-3-2,1
14330,2022-3-1,2022-3-3,2
14335,2022-3-2,2022-3-2,0
14336,2022-3-2,2022-3-3,1
14338,2022-3-2,2022-8-10,161
14344,2022-3-2,2022-3-3,1
14346,2022-3-2,2022-3-2,0
14347,2022-3-2,2022-3-2,0
14348,2022-3-2,2022-3-3,1
14352,2022-3-3,2022-3-3,0
14354,2022-3-3,2022-3-14,11
14363,2022-3-3,2022-3-11,8
14364,2022-3-3,2022-3-3,0
14366,2022-3-3,2022-3-3,0
14369,2022-3-3,2022-3-10,7
14370,2022-3-4,2022-3-4,0
14373,2022-3-4,2022-3-4,0
14377,2022-3-4,2022-3-18,14
14378,2022-3-4,2022-3-7,3
14379,2022-3-4,2022-3-4,0
14381,2022-3-4,2022-7-21,139
14383,2022-3-4,2022-5-13,70
14385,2022-3-5,2022-3-9,4
14388,2022-3-7,2022-3-23,16
14389,2022-3-7,2022-3-11,4
14392,2022-3-7,2022-3-16,9
14395,2022-3-7,2022-3-7,0
14396,2022-3-7,2022-3-7,0
14398,2022-3-7,2022-3-8,1
14399,2022-3-7,2022-6-9,94
14400,2022-3-7,2022-3-11,4
14402,2022-3-8,2022-3-8,0
14403,2022-3-8,2022-3-8,0
14406,2022-3-8,2022-3-9,1
14414,2022-3-9,2022-3-10,1
14422,2022-3-9,2022-3-10,1
14423,2022-3-9,2022-3-9,0
14424,2022-3-9,2022-4-7,29
14425,2022-3-9,2022-3-14,5
14426,2022-3-9,2022-3-9,0
14430,2022-3-9,2022-3-10,1
14431,2022-3-9,2022-8-30,174
14439,2022-3-10,2022-3-14,4
14441,2022-3-10,2022-8-31,174
14442,2022-3-10,2022-3-10,0
14445,2022-3-10,2022-3-10,0
14447,2022-3-10,2022-3-10,0
14455,2022-3-10,2022-8-26,169
14457,2022-3-10,2022-3-11,1
14466,2022-3-11,2022-3-14,3
14470,2022-3-11,2022-4-22,42
14471,2022-3-11,2022-3-11,0
14474,2022-3-12,2022-9-2,174
14476,2022-3-14,2022-3-14,0
14482,2022-3-14,2022-3-15,1
14487,2022-3-14,2022-3-15,1
14488,2022-3-14,2022-3-15,1
14489,2022-3-14,2022-3-16,2
14490,2022-3-14,2022-3-15,1
14492,2022-3-14,2022-3-15,1
14493,2022-3-15,2022-3-16,1
14495,2022-3-15,2022-3-15,0
14501,2022-3-15,2022-3-24,9
14503,2022-3-15,2022-5-20,66
14506,2022-3-15,2022-3-15,0
14507,2022-3-15,2022-3-16,1
14508,2022-3-15,2022-3-16,1
14509,2022-3-15,2022-3-22,7
14513,2022-3-15,2022-3-18,3
14515,2022-3-15,2022-3-17,2
14518,2022-3-16,2022-4-4,19
14519,2022-3-16,2022-3-16,0
14522,2022-3-16,2022-3-28,12
14523,2022-3-16,2022-3-24,8
14532,2022-3-16,2022-3-17,1
14536,2022-3-16,2022-3-16,0
14542,2022-3-16,2022-3-17,1
14543,2022-3-16,2022-3-17,1
14544,2022-3-16,2022-3-17,1
14545,2022-3-16,2022-3-18,2
14546,2022-3-16,2022-3-16,0
14548,2022-3-16,2022-3-17,1
14550,2022-3-17,2022-3-17,0
14551,2022-3-17,2022-3-18,1
14555,2022-3-17,2022-3-18,1
14556,2022-3-17,2022-3-17,0
14557,2022-3-17,2022-3-17,0
14564,2022-3-18,2022-3-18,0
14565,2022-3-18,2022-3-18,0
14566,2022-3-18,2022-3-18,0
14569,2022-3-18,2022-4-13,26
14571,2022-3-18,2022-3-18,0
14579,2022-3-18,2022-3-18,0
14580,2022-3-18,2022-3-18,0
14583,2022-3-18,2022-3-18,0
14584,2022-3-18,2022-3-18,0
14588,2022-3-18,2022-3-18,0
14589,2022-3-18,2022-3-18,0
14591,2022-3-18,2022-3-18,0
14593,2022-3-18,2022-3-18,0
14595,2022-3-18,2022-3-18,0
14596,2022-3-18,2022-3-21,3
14597,2022-3-18,2022-3-21,3
14604,2022-3-19,2022-3-19,0
14605,2022-3-19,2022-3-22,3
14608,2022-3-21,2022-3-22,1
14609,2022-3-21,2022-3-21,0
14610,2022-3-21,2022-3-21,0
14614,2022-3-21,2022-3-21,0
14618,2022-3-21,2022-3-21,0
14622,2022-3-21,2022-3-21,0
14626,2022-3-21,2022-3-21,0
14627,2022-3-21,2022-3-21,0
14636,2022-3-22,2022-3-23,1
14639,2022-3-22,2022-3-22,0
14641,2022-3-22,2022-3-23,1
14645,2022-3-22,2022-3-22,0
14646,2022-3-22,2022-3-22,0
14647,2022-3-22,2022-3-23,1
14649,2022-3-22,2022-3-22,0
14654,2022-3-22,2022-3-23,1
14655,2022-3-23,2022-3-23,0
14658,2022-3-23,2022-3-23,0
14659,2022-3-23,2022-3-29,6
14661,2022-3-23,2022-3-23,0
14670,2022-3-23,2022-3-24,1
14672,2022-3-23,2022-3-24,1
14673,2022-3-23,2022-3-23,0
14675,2022-3-23,2022-3-24,1
14677,2022-3-23,2022-3-24,1
14678,2022-3-23,2022-3-24,1
14679,2022-3-24,2022-3-25,1
14680,2022-3-24,2022-3-24,0
14683,2022-3-24,2022-3-24,0
14684,2022-3-24,2022-3-24,0
14685,2022-3-24,2022-3-24,0
14692,2022-3-24,2022-3-24,0
14695,2022-3-24,2022-3-24,0
14699,2022-3-24,2022-3-24,0
14703,2022-3-24,2022-4-5,12
14704,2022-3-24,2022-3-24,0
14705,2022-3-24,2022-3-24,0
14708,2022-3-24,2022-3-24,0
14714,2022-3-24,2022-4-5,12
14716,2022-3-24,2022-3-29,5
14717,2022-3-24,2022-3-27,3
14718,2022-3-24,2022-3-28,4
14725,2022-3-25,2022-4-5,11
14732,2022-3-28,2022-3-29,1
14743,2022-3-28,2022-3-28,0
14744,2022-3-28,2022-3-29,1
14746,2022-3-28,2022-3-29,1
14747,2022-3-28,2022-3-29,1
14748,2022-3-29,2022-3-29,0
14751,2022-3-29,2022-8-23,147
14752,2022-3-29,2022-4-1,3
14753,2022-3-29,2022-4-6,8
14755,2022-3-29,2022-3-30,1
14756,2022-3-29,2022-4-5,7
14757,2022-3-29,2022-3-30,1
14758,2022-3-29,2022-3-29,0
14760,2022-3-29,2022-3-29,0
14763,2022-3-29,2022-4-12,14
14767,2022-3-29,2022-4-6,8
14771,2022-3-29,2022-3-30,1
14775,2022-3-29,2022-4-6,8
14776,2022-3-30,2022-3-30,0
14791,2022-3-30,2022-4-1,2
14794,2022-3-30,2022-4-1,2
14795,2022-3-30,2022-4-1,2
14797,2022-3-30,2022-3-30,0
14803,2022-3-30,2022-3-31,1
14806,2022-3-31,2022-4-1,1
14807,2022-3-31,2022-4-6,6
14808,2022-3-31,2022-3-31,0
14809,2022-3-31,2022-3-31,0
14812,2022-3-31,2022-3-31,0
14813,2022-3-31,2022-4-8,8
14814,2022-3-31,2022-4-1,1
14816,2022-3-31,2022-4-1,1
14817,2022-3-31,2022-4-4,4
14834,2022-4-1,2022-7-25,115
14836,2022-4-1,2022-4-6,5
14844,2022-4-1,2022-4-1,0
14845,2022-4-1,2022-4-4,3
14846,2022-4-1,2022-4-4,3
14850,2022-4-1,2022-4-1,0
14851,2022-4-1,2022-4-5,4
14854,2022-4-1,2022-4-1,0
14859,2022-4-1,2022-4-1,0
14864,2022-4-3,2022-4-14,11
14865,2022-4-3,2022-8-19,138
14866,2022-4-3,2022-4-4,1
14867,2022-4-3,2022-4-4,1
14868,2022-4-3,2022-4-4,1
14869,2022-4-4,2022-4-20,16
14874,2022-4-4,2022-4-5,1
14875,2022-4-4,2022-4-4,0
14889,2022-4-4,2022-4-4,0
14894,2022-4-4,2022-4-6,2
14896,2022-4-4,2022-4-21,17
14899,2022-4-4,2022-4-27,23
14900,2022-4-4,2022-4-15,11
14902,2022-4-5,2022-8-26,143
14905,2022-4-5,2022-4-5,0
14910,2022-4-5,2022-4-5,0
14911,2022-4-5,2022-4-5,0
14912,2022-4-5,2022-4-5,0
14913,2022-4-5,2022-4-21,16
14916,2022-4-5,2022-4-7,2
14918,2022-4-5,2022-4-8,3
14921,2022-4-5,2022-4-6,1
14923,2022-4-5,2022-4-6,1
14927,2022-4-5,2022-4-6,1
14928,2022-4-5,2022-4-6,1
14935,2022-4-6,2022-4-6,0
14941,2022-4-6,2022-4-7,1
14942,2022-4-6,2022-4-7,1
14943,2022-4-6,2022-4-7,1
14946,2022-4-6,2022-8-30,146
14947,2022-4-6,2022-4-7,1
14948,2022-4-6,2022-4-7,1
14953,2022-4-7,2022-4-7,0
14954,2022-4-7,2022-4-8,1
14957,2022-4-7,2022-4-19,12
14958,2022-4-7,2022-4-7,0
14962,2022-4-7,2022-4-11,4
14963,2022-4-7,2022-4-14,7
14966,2022-4-7,2022-4-11,4
14967,2022-4-7,2022-4-12,5
14968,2022-4-7,2022-4-8,1
14970,2022-4-8,2022-4-12,4
14972,2022-4-8,2022-4-19,11
14973,2022-4-8,2022-4-18,10
14974,2022-4-8,2022-4-8,0
14977,2022-4-8,2022-4-8,0
14978,2022-4-8,2022-4-13,5
14982,2022-4-8,2022-4-8,0
14985,2022-4-8,2022-4-14,6
14992,2022-4-11,2022-4-13,2
14998,2022-4-11,2022-4-12,1
15000,2022-4-11,2022-7-11,91
15009,2022-4-12,2022-4-13,1
15010,2022-4-12,2022-4-13,1
15011,2022-4-12,2022-4-12,0
15012,2022-4-12,2022-4-12,0
15017,2022-4-13,2022-4-13,0
15018,2022-4-13,2022-4-14,1
15023,2022-4-13,2022-4-13,0
15025,2022-4-13,2022-4-13,0
15026,2022-4-13,2022-4-13,0
15027,2022-4-13,2022-4-14,1
15031,2022-4-13,2022-4-13,0
15035,2022-4-13,2022-4-15,2
15036,2022-4-13,2022-4-20,7
15041,2022-4-14,2022-5-3,19
15042,2022-4-14,2022-4-29,15
15043,2022-4-14,2022-4-14,0
15046,2022-4-14,2022-4-14,0
15054,2022-4-14,2022-4-28,14
15055,2022-4-14,2022-5-16,32
15056,2022-4-15,2022-4-21,6
15058,2022-4-15,2022-4-15,0
15059,2022-4-15,2022-4-15,0
15060,2022-4-15,2022-4-15,0
15067,2022-4-15,2022-4-26,11
15068,2022-4-15,2022-4-19,4
15072,2022-4-18,2022-4-18,0
15073,2022-4-18,2022-4-18,0
15074,2022-4-18,2022-4-19,1
15083,2022-4-19,2022-4-20,1
15084,2022-4-19,2022-4-19,0
15092,2022-4-19,2022-4-19,0
15093,2022-4-19,2022-4-19,0
15095,2022-4-19,2022-4-19,0
15097,2022-4-19,2022-4-20,1
15098,2022-4-20,2022-5-20,30
15099,2022-4-20,2022-4-20,0
15102,2022-4-20,2022-4-20,0
15103,2022-4-20,2022-4-25,5
15104,2022-4-20,2022-4-22,2
15105,2022-4-20,2022-4-20,0
15106,2022-4-20,2022-4-21,1
15110,2022-4-21,2022-4-21,0
15114,2022-4-21,2022-4-21,0
15117,2022-4-21,2022-4-21,0
15123,2022-4-22,2022-4-22,0
15125,2022-4-22,2022-4-22,0
15128,2022-4-22,2022-4-22,0
15132,2022-4-22,2022-4-22,0
15143,2022-4-22,2022-4-26,4
15149,2022-4-24,2022-4-25,1
15154,2022-4-25,2022-4-25,0
15156,2022-4-25,2022-4-26,1
15163,2022-4-25,2022-4-25,0
15165,2022-4-25,2022-4-25,0
15166,2022-4-25,2022-4-26,1
15167,2022-4-25,2022-5-20,25
15169,2022-4-25,2022-5-3,8
15171,2022-4-25,2022-4-26,1
15172,2022-4-26,2022-4-26,0
15184,2022-4-26,2022-4-26,0
15188,2022-4-26,2022-5-10,14
15190,2022-4-26,2022-4-27,1
15191,2022-4-26,2022-4-26,0
15193,2022-4-26,2022-4-29,3
15194,2022-4-26,2022-4-27,1
15195,2022-4-27,2022-4-29,2
15199,2022-4-27,2022-4-27,0
15200,2022-4-27,2022-5-21,24
15202,2022-4-27,2022-4-27,0
15204,2022-4-27,2022-4-29,2
15206,2022-4-28,2022-7-21,84
15213,2022-4-28,2022-5-2,4
15215,2022-4-28,2022-4-29,1
15216,2022-4-28,2022-8-3,97
15217,2022-4-28,2022-4-29,1
15219,2022-4-28,2022-4-29,1
15220,2022-4-28,2022-4-29,1
15224,2022-4-29,2022-4-29,0
15231,2022-4-29,2022-4-29,0
15238,2022-4-29,2022-5-11,12
15248,2022-4-30,2022-5-17,17
15249,2022-4-30,2022-9-16,139
15250,2022-4-30,2022-5-12,12
15257,2022-5-2,2022-5-20,18
15259,2022-5-2,2022-5-3,1
15260,2022-5-2,2022-7-14,73
15261,2022-5-2,2022-5-5,3
15262,2022-5-3,2022-6-8,36
15266,2022-5-3,2022-5-3,0
15268,2022-5-3,2022-5-3,0
15270,2022-5-3,2022-5-4,1
15271,2022-5-3,2022-5-11,8
15272,2022-5-3,2022-5-13,10
15274,2022-5-3,2022-5-3,0
15275,2022-5-3,2022-5-4,1
15276,2022-5-3,2022-5-4,1
15277,2022-5-3,2022-5-11,8
15278,2022-5-3,2022-5-6,3
15279,2022-5-4,2022-5-9,5
15285,2022-5-4,2022-5-11,7
15286,2022-5-4,2022-5-5,1
15287,2022-5-4,2022-5-4,0
15288,2022-5-4,2022-5-4,0
15289,2022-5-4,2022-5-11,7
15293,2022-5-4,2022-5-5,1
15294,2022-5-4,2022-5-6,2
15295,2022-5-4,2022-5-10,6
15297,2022-5-4,2022-5-5,1
15298,2022-5-5,2022-5-5,0
15301,2022-5-5,2022-5-5,0
15303,2022-5-5,2022-5-11,6
15304,2022-5-5,2022-5-5,0
15305,2022-5-5,2022-5-25,20
15306,2022-5-5,2022-5-11,6
15314,2022-5-6,2022-5-23,17
15315,2022-5-6,2022-5-11,5
15316,2022-5-6,2022-5-6,0
15318,2022-5-6,2022-5-6,0
15319,2022-5-6,2022-5-11,5
15320,2022-5-6,2022-5-9,3
15321,2022-5-6,2022-9-5,122
15322,2022-5-6,2022-5-11,5
15325,2022-5-6,2022-5-11,5
15326,2022-5-6,2022-5-9,3
15329,2022-5-8,2022-5-9,1
15334,2022-5-9,2022-5-9,0
15336,2022-5-9,2022-5-11,2
15338,2022-5-9,2022-5-9,0
15339,2022-5-9,2022-5-11,2
15340,2022-5-9,2022-5-10,1
15342,2022-5-9,2022-5-12,3
15343,2022-5-9,2022-5-23,14
15344,2022-5-10,2022-5-19,9
15345,2022-5-10,2022-7-28,79
15349,2022-5-10,2022-5-11,1
15350,2022-5-10,2022-5-10,0
15351,2022-5-10,2022-5-10,0
15352,2022-5-10,2022-5-17,7
15354,2022-5-10,2022-5-10,0
15355,2022-5-10,2022-5-17,7
15357,2022-5-10,2022-5-16,6
15358,2022-5-10,2022-5-13,3
15359,2022-5-10,2022-5-11,1
15360,2022-5-10,2022-5-11,1
15361,2022-5-10,2022-5-12,2
15362,2022-5-10,2022-5-11,1
15363,2022-5-10,2022-5-17,7
15364,2022-5-10,2022-5-11,1
15369,2022-5-11,2022-5-12,1
15371,2022-5-11,2022-5-11,0
15373,2022-5-11,2022-5-11,0
15374,2022-5-11,2022-5-12,1
15376,2022-5-11,2022-5-17,6
15377,2022-5-11,2022-5-24,13
15378,2022-5-11,2022-5-13,2
15379,2022-5-11,2022-5-12,1
15380,2022-5-11,2022-5-12,1
15382,2022-5-11,2022-5-11,0
15383,2022-5-11,2022-5-12,1
15384,2022-5-11,2022-5-11,0
15386,2022-5-12,2022-5-12,0
15391,2022-5-12,2022-5-12,0
15392,2022-5-12,2022-8-3,83
15394,2022-5-12,2022-5-12,0
15396,2022-5-12,2022-5-12,0
15400,2022-5-12,2022-5-19,7
15401,2022-5-12,2022-5-12,0
15405,2022-5-12,2022-5-12,0
15407,2022-5-12,2022-5-12,0
15408,2022-5-12,2022-5-18,6
15409,2022-5-12,2022-5-20,8
15411,2022-5-13,2022-5-13,0
15413,2022-5-13,2022-5-13,0
15414,2022-5-13,2022-5-16,3
15415,2022-5-13,2022-5-13,0
15416,2022-5-13,2022-5-17,4
15417,2022-5-13,2022-5-18,5
15420,2022-5-13,2022-5-16,3
15424,2022-5-13,2022-5-13,0
15428,2022-5-13,2022-5-17,4
15429,2022-5-14,2022-5-16,2
15434,2022-5-16,2022-5-17,1
15435,2022-5-16,2022-5-16,0
15437,2022-5-16,2022-5-16,0
15438,2022-5-16,2022-5-17,1
15439,2022-5-16,2022-5-16,0
15440,2022-5-16,2022-5-16,0
15441,2022-5-16,2022-5-16,0
15442,2022-5-16,2022-5-16,0
15443,2022-5-16,2022-5-16,0
15444,2022-5-16,2022-7-5,50
15445,2022-5-16,2022-5-17,1
15446,2022-5-16,2022-5-16,0
15447,2022-5-16,2022-5-16,0
15449,2022-5-16,2022-5-16,0
15450,2022-5-16,2022-5-18,2
15451,2022-5-16,2022-5-17,1
15452,2022-5-16,2022-5-17,1
15454,2022-5-16,2022-5-16,0
15456,2022-5-16,2022-5-16,0
15457,2022-5-16,2022-5-16,0
15459,2022-5-16,2022-5-18,2
15463,2022-5-17,2022-5-20,3
15464,2022-5-17,2022-5-18,1
15465,2022-5-17,2022-5-17,0
15466,2022-5-17,2022-5-17,0
15467,2022-5-17,2022-5-19,2
15468,2022-5-17,2022-5-17,0
15469,2022-5-17,2022-5-17,0
15470,2022-5-17,2022-5-17,0
15473,2022-5-17,2022-5-18,1
15474,2022-5-17,2022-5-17,0
15475,2022-5-17,2022-5-17,0
15478,2022-5-17,2022-5-18,1
15480,2022-5-17,2022-5-17,0
15481,2022-5-17,2022-5-18,1
15482,2022-5-17,2022-5-31,14
15487,2022-5-18,2022-5-18,0
15493,2022-5-18,2022-5-18,0
15494,2022-5-18,2022-5-18,0
15495,2022-5-18,2022-5-18,0
15497,2022-5-18,2022-5-18,0
15500,2022-5-18,2022-5-23,5
15502,2022-5-18,2022-5-19,1
15503,2022-5-18,2022-5-19,1
15504,2022-5-18,2022-5-18,0
15509,2022-5-19,2022-5-19,0
15510,2022-5-19,2022-5-20,1
15511,2022-5-19,2022-5-19,0
15512,2022-5-19,2022-5-19,0
15513,2022-5-19,2022-5-20,1
15514,2022-5-19,2022-5-20,1
15519,2022-5-19,2022-5-19,0
15520,2022-5-19,2022-5-20,1
15521,2022-5-19,2022-5-20,1
15523,2022-5-19,2022-5-20,1
15524,2022-5-19,2022-5-20,1
15525,2022-5-19,2022-5-20,1
15526,2022-5-19,2022-5-20,1
15527,2022-5-19,2022-5-20,1
15528,2022-5-20,2022-5-20,0
15530,2022-5-20,2022-5-20,0
15531,2022-5-20,2022-5-23,3
15533,2022-5-20,2022-5-27,7
15535,2022-5-20,2022-5-20,0
15536,2022-5-20,2022-5-24,4
15537,2022-5-20,2022-5-20,0
15541,2022-5-20,2022-5-20,0
15543,2022-5-20,2022-5-23,3
15545,2022-5-20,2022-5-20,0
15550,2022-5-20,2022-5-20,0
15551,2022-5-20,2022-5-20,0
15552,2022-5-20,2022-5-31,11
15554,2022-5-20,2022-5-20,0
15558,2022-5-20,2022-5-20,0
15559,2022-5-20,2022-5-23,3
15560,2022-5-20,2022-5-25,5
15561,2022-5-21,2022-6-10,20
15562,2022-5-23,2022-5-23,0
15563,2022-5-23,2022-5-23,0
15564,2022-5-23,2022-5-25,2
15565,2022-5-23,2022-5-24,1
15566,2022-5-23,2022-5-23,0
15569,2022-5-23,2022-6-1,9
15571,2022-5-24,2022-5-24,0
15572,2022-5-24,2022-5-25,1
15573,2022-5-24,2022-5-25,1
15577,2022-5-24,2022-5-24,0
15578,2022-5-24,2022-5-26,2
15579,2022-5-24,2022-5-25,1
15580,2022-5-24,2022-5-31,7
15581,2022-5-24,2022-5-25,1
15582,2022-5-24,2022-6-6,13
15583,2022-5-24,2022-5-26,2
15584,2022-5-24,2022-5-25,1
15586,2022-5-24,2022-5-25,1
15587,2022-5-24,2022-6-1,8
15589,2022-5-24,2022-6-7,14
15590,2022-5-24,2022-5-25,1
15592,2022-5-25,2022-5-25,0
15593,2022-5-25,2022-5-25,0
15597,2022-5-25,2022-5-25,0
15598,2022-5-25,2022-6-1,7
15599,2022-5-25,2022-5-25,0
15600,2022-5-25,2022-5-25,0
15601,2022-5-25,2022-5-25,0
15602,2022-5-25,2022-5-25,0
15603,2022-5-25,2022-5-25,0
15604,2022-5-25,2022-5-25,0
15605,2022-5-25,2022-5-25,0
15606,2022-5-25,2022-5-25,0
15607,2022-5-25,2022-5-25,0
15608,2022-5-25,2022-5-25,0
15610,2022-5-25,2022-5-25,0
15612,2022-5-25,2022-5-25,0
15614,2022-5-25,2022-5-26,1
15616,2022-5-25,2022-5-25,0
15621,2022-5-25,2022-5-26,1
15622,2022-5-25,2022-5-25,0
15624,2022-5-25,2022-5-26,1
15626,2022-5-25,2022-5-25,0
15630,2022-5-25,2022-5-26,1
15631,2022-5-25,2022-5-26,1
15633,2022-5-26,2022-5-26,0
15636,2022-5-26,2022-5-26,0
15637,2022-5-26,2022-6-3,8
15638,2022-5-26,2022-5-26,0
15646,2022-5-26,2022-5-26,0
15647,2022-5-26,2022-5-26,0
15648,2022-5-26,2022-5-26,0
15655,2022-5-26,2022-5-26,0
15656,2022-5-26,2022-5-27,1
15658,2022-5-27,2022-6-1,5
15663,2022-5-27,2022-5-27,0
15665,2022-5-27,2022-5-27,0
15667,2022-5-27,2022-5-27,0
15670,2022-5-27,2022-8-5,70
15671,2022-5-27,2022-7-18,52
15672,2022-5-27,2022-6-1,5
15673,2022-5-28,2022-5-31,3
15679,2022-5-29,2022-6-17,19
15681,2022-5-30,2022-5-31,1
15682,2022-5-30,2022-5-30,0
15683,2022-5-30,2022-5-31,1
15684,2022-5-30,2022-5-30,0
15685,2022-5-30,2022-6-13,14
15686,2022-5-30,2022-5-31,1
15687,2022-5-30,2022-5-30,0
15693,2022-5-31,2022-5-31,0
15695,2022-5-31,2022-5-31,0
15697,2022-5-31,2022-5-31,0
15701,2022-5-31,2022-6-6,6
15703,2022-5-31,2022-5-31,0
15704,2022-5-31,2022-6-3,3
15711,2022-5-31,2022-6-6,6
15714,2022-5-31,2022-6-1,1
15715,2022-5-31,2022-6-1,1
15716,2022-5-31,2022-6-2,2
15717,2022-5-31,2022-5-31,0
15719,2022-5-31,2022-6-1,1
15721,2022-6-1,2022-6-1,0
15726,2022-6-1,2022-6-1,0
15731,2022-6-1,2022-6-1,0
15734,2022-6-1,2022-6-1,0
15735,2022-6-1,2022-6-3,2
15741,2022-6-1,2022-6-7,6
15742,2022-6-1,2022-6-6,5
15744,2022-6-1,2022-6-2,1
15748,2022-6-1,2022-6-3,2
15751,2022-6-2,2022-6-3,1
15753,2022-6-2,2022-6-3,1
15754,2022-6-2,2022-6-2,0
15755,2022-6-2,2022-6-8,6
15756,2022-6-2,2022-6-2,0
15757,2022-6-2,2022-6-2,0
15759,2022-6-2,2022-6-3,1
15761,2022-6-2,2022-6-2,0
15762,2022-6-2,2022-6-2,0
15765,2022-6-2,2022-6-2,0
15767,2022-6-2,2022-6-3,1
15768,2022-6-2,2022-6-3,1
15769,2022-6-2,2022-6-2,0
15770,2022-6-2,2022-6-2,0
15774,2022-6-2,2022-6-2,0
15777,2022-6-2,2022-6-3,1
15786,2022-6-3,2022-6-4,1
15789,2022-6-3,2022-6-3,0
15792,2022-6-3,2022-6-3,0
15801,2022-6-3,2022-6-3,0
15802,2022-6-3,2022-6-6,3
15806,2022-6-4,2022-6-6,2
15809,2022-6-6,2022-6-10,4
15810,2022-6-6,2022-6-7,1
15811,2022-6-6,2022-6-6,0
15813,2022-6-6,2022-6-6,0
15814,2022-6-6,2022-6-6,0
15816,2022-6-6,2022-6-13,7
15817,2022-6-6,2022-6-17,11
15818,2022-6-6,2022-6-6,0
15819,2022-6-6,2022-6-6,0
15820,2022-6-6,2022-6-17,11
15824,2022-6-6,2022-6-7,1
15833,2022-6-6,2022-6-6,0
15834,2022-6-6,2022-6-6,0
15835,2022-6-6,2022-6-30,24
15836,2022-6-6,2022-6-7,1
15838,2022-6-7,2022-6-7,0
15843,2022-6-7,2022-6-7,0
15850,2022-6-7,2022-6-7,0
15852,2022-6-7,2022-6-7,0
15854,2022-6-7,2022-6-8,1
15855,2022-6-7,2022-6-7,0
15856,2022-6-7,2022-6-15,8
15858,2022-6-7,2022-6-8,1
15860,2022-6-7,2022-6-15,8
15861,2022-6-7,2022-6-10,3
15863,2022-6-8,2022-6-8,0
15866,2022-6-8,2022-6-8,0
15867,2022-6-8,2022-6-8,0
15868,2022-6-8,2022-6-8,0
15873,2022-6-8,2022-6-13,5
15876,2022-6-8,2022-6-8,0
15878,2022-6-8,2022-6-27,19
15879,2022-6-8,2022-6-8,0
15880,2022-6-8,2022-6-8,0
15882,2022-6-8,2022-6-10,2
15883,2022-6-8,2022-6-8,0
15885,2022-6-8,2022-6-8,0
15886,2022-6-8,2022-6-8,0
15888,2022-6-8,2022-6-8,0
15891,2022-6-8,2022-6-9,1
15892,2022-6-8,2022-6-9,1
15894,2022-6-8,2022-6-8,0
15898,2022-6-8,2022-6-9,1
15900,2022-6-8,2022-6-9,1
15901,2022-6-8,2022-6-9,1
15902,2022-6-9,2022-6-9,0
15904,2022-6-9,2022-6-9,0
15906,2022-6-9,2022-6-10,1
15909,2022-6-9,2022-6-9,0
15911,2022-6-9,2022-6-10,1
15912,2022-6-9,2022-6-10,1
15913,2022-6-9,2022-6-9,0
15915,2022-6-9,2022-6-9,0
15917,2022-6-9,2022-6-9,0
15919,2022-6-9,2022-6-11,2
15920,2022-6-9,2022-6-13,4
15921,2022-6-9,2022-6-10,1
15922,2022-6-9,2022-6-14,5
15923,2022-6-9,2022-6-17,8
15926,2022-6-10,2022-6-10,0
15929,2022-6-10,2022-6-10,0
15930,2022-6-10,2022-6-13,3
15933,2022-6-10,2022-6-10,0
15943,2022-6-10,2022-6-10,0
15944,2022-6-10,2022-6-17,7
15946,2022-6-11,2022-6-15,4
15947,2022-6-11,2022-6-30,19
15956,2022-6-13,2022-9-8,87
15958,2022-6-13,2022-6-13,0
15963,2022-6-13,2022-6-14,1
15964,2022-6-13,2022-6-14,1
15965,2022-6-13,2022-6-14,1
15966,2022-6-14,2022-6-15,1
15967,2022-6-14,2022-6-15,1
15968,2022-6-14,2022-7-1,17
15969,2022-6-14,2022-6-14,0
15971,2022-6-14,2022-6-14,0
15972,2022-6-14,2022-6-14,0
15975,2022-6-14,2022-6-14,0
15979,2022-6-14,2022-6-14,0
15980,2022-6-14,2022-6-15,1
15986,2022-6-14,2022-6-16,2
15987,2022-6-15,2022-6-15,0
15989,2022-6-15,2022-6-16,1
15990,2022-6-15,2022-6-15,0
15993,2022-6-15,2022-6-17,2
15995,2022-6-15,2022-6-15,0
15996,2022-6-15,2022-6-16,1
15997,2022-6-15,2022-6-15,0
15998,2022-6-15,2022-8-10,56
15999,2022-6-15,2022-6-16,1
16000,2022-6-15,2022-6-15,0
16002,2022-6-15,2022-6-15,0
16005,2022-6-16,2022-6-16,0
16007,2022-6-16,2022-6-16,0
16008,2022-6-16,2022-6-20,4
16009,2022-6-16,2022-6-21,5
16012,2022-6-16,2022-6-16,0
16015,2022-6-16,2022-6-16,0
16017,2022-6-16,2022-6-16,0
16018,2022-6-16,2022-6-17,1
16019,2022-6-16,2022-6-29,13
16020,2022-6-16,2022-6-16,0
16024,2022-6-16,2022-6-17,1
16026,2022-6-16,2022-6-16,0
16029,2022-6-16,2022-6-17,1
16032,2022-6-17,2022-6-21,4
16034,2022-6-17,2022-6-18,1
16039,2022-6-17,2022-6-17,0
16040,2022-6-17,2022-6-17,0
16048,2022-6-17,2022-6-27,10
16049,2022-6-17,2022-6-21,4
16051,2022-6-17,2022-6-20,3
16052,2022-6-17,2022-6-17,0
16055,2022-6-17,2022-8-1,45
16056,2022-6-18,2022-8-16,59
16058,2022-6-18,2022-7-1,13
16059,2022-6-18,2022-6-27,9
16063,2022-6-20,2022-6-21,1
16064,2022-6-20,2022-6-20,0
16065,2022-6-20,2022-6-20,0
16068,2022-6-20,2022-6-20,0
16072,2022-6-20,2022-6-23,3
16074,2022-6-20,2022-6-21,1
16077,2022-6-21,2022-6-22,1
16079,2022-6-21,2022-6-22,1
16080,2022-6-21,2022-6-22,1
16081,2022-6-21,2022-6-21,0
16085,2022-6-21,2022-6-21,0
16087,2022-6-21,2022-6-27,6
16088,2022-6-21,2022-6-28,7
16094,2022-6-21,2022-6-22,1
16095,2022-6-21,2022-6-21,0
16099,2022-6-21,2022-6-22,1
16100,2022-6-22,2022-6-23,1
16103,2022-6-22,2022-7-19,27
16107,2022-6-22,2022-6-22,0
16108,2022-6-22,2022-6-22,0
16111,2022-6-22,2022-6-27,5
16112,2022-6-22,2022-6-23,1
16114,2022-6-22,2022-6-22,0
16115,2022-6-22,2022-6-24,2
16119,2022-6-22,2022-8-8,47
16121,2022-6-23,2022-7-27,34
16124,2022-6-23,2022-6-23,0
16127,2022-6-23,2022-6-23,0
16129,2022-6-23,2022-6-27,4
16130,2022-6-23,2022-6-24,1
16132,2022-6-24,2022-6-24,0
16135,2022-6-24,2022-6-24,0
16137,2022-6-24,2022-6-27,3
16140,2022-6-24,2022-6-24,0
16142,2022-6-24,2022-6-24,0
16144,2022-6-24,2022-6-24,0
16146,2022-6-24,2022-6-27,3
16150,2022-6-26,2022-7-19,23
16157,2022-6-27,2022-7-5,8
16161,2022-6-27,2022-6-27,0
16162,2022-6-27,2022-6-27,0
16163,2022-6-27,2022-6-27,0
16164,2022-6-27,2022-6-27,0
16165,2022-6-27,2022-6-27,0
16167,2022-6-28,2022-7-11,13
16170,2022-6-28,2022-6-28,0
16175,2022-6-28,2022-7-5,7
16176,2022-6-28,2022-6-29,1
16181,2022-6-29,2022-7-28,29
16182,2022-6-29,2022-6-29,0
16184,2022-6-29,2022-6-29,0
16189,2022-6-29,2022-6-29,0
16190,2022-6-29,2022-6-29,0
16197,2022-6-29,2022-6-29,0
16199,2022-6-30,2022-6-30,0
16200,2022-6-30,2022-6-30,0
16202,2022-6-30,2022-7-11,11
16206,2022-6-30,2022-6-30,0
16208,2022-6-30,2022-6-30,0
16211,2022-6-30,2022-7-6,6
16212,2022-7-1,2022-7-1,0
16213,2022-7-1,2022-8-29,59
16215,2022-7-1,2022-7-1,0
16218,2022-7-1,2022-7-12,11
16220,2022-7-1,2022-7-1,0
16226,2022-7-5,2022-7-6,1
16227,2022-7-6,2022-8-10,35
16231,2022-7-6,2022-7-6,0
16239,2022-7-7,2022-7-13,6
16240,2022-7-7,2022-7-19,12
16242,2022-7-7,2022-7-7,0
16243,2022-7-7,2022-7-12,5
16244,2022-7-7,2022-7-7,0
16246,2022-7-7,2022-7-8,1
16248,2022-7-7,2022-7-7,0
16249,2022-7-7,2022-8-29,53
16251,2022-7-7,2022-7-8,1
16253,2022-7-8,2022-7-19,11
16254,2022-7-8,2022-8-22,45
16263,2022-7-8,2022-7-8,0
16269,2022-7-11,2022-7-20,9
16270,2022-7-11,2022-7-11,0
16274,2022-7-11,2022-7-12,1
16278,2022-7-12,2022-7-12,0
16285,2022-7-12,2022-8-3,22
16288,2022-7-13,2022-7-13,0
16291,2022-7-13,2022-7-13,0
16296,2022-7-14,2022-8-4,21
16297,2022-7-14,2022-7-14,0
16299,2022-7-14,2022-7-15,1
16301,2022-7-14,2022-7-14,0
16304,2022-7-14,2022-7-18,4
16309,2022-7-15,2022-7-27,12
16310,2022-7-15,2022-7-15,0
16312,2022-7-15,2022-7-15,0
16313,2022-7-15,2022-7-15,0
16317,2022-7-16,2022-7-16,0
16320,2022-7-18,2022-7-19,1
16321,2022-7-18,2022-7-20,2
16323,2022-7-18,2022-7-21,3
16324,2022-7-18,2022-7-18,0
16326,2022-7-18,2022-7-19,1
16327,2022-7-18,2022-7-20,2
16328,2022-7-18,2022-8-8,21
16329,2022-7-18,2022-7-18,0
16336,2022-7-18,2022-7-18,0
16341,2022-7-18,2022-7-20,2
16344,2022-7-18,2022-7-18,0
16346,2022-7-19,2022-7-19,0
16351,2022-7-19,2022-7-29,10
16352,2022-7-19,2022-7-19,0
16353,2022-7-19,2022-7-20,1
16365,2022-7-19,2022-8-9,21
16366,2022-7-19,2022-7-22,3
16372,2022-7-19,2022-7-19,0
16375,2022-7-20,2022-8-10,21
16377,2022-7-20,2022-7-20,0
16379,2022-7-20,2022-7-25,5
16380,2022-7-20,2022-7-20,0
16381,2022-7-20,2022-8-2,13
16386,2022-7-20,2022-7-21,1
16388,2022-7-20,2022-7-21,1
16389,2022-7-21,2022-8-15,25
16392,2022-7-21,2022-7-21,0
16398,2022-7-21,2022-8-8,18
16399,2022-7-21,2022-8-12,22
16401,2022-7-21,2022-7-21,0
16403,2022-7-21,2022-7-21,0
16405,2022-7-21,2022-7-21,0
16406,2022-7-21,2022-7-21,0
16407,2022-7-21,2022-7-21,0
16409,2022-7-21,2022-7-21,0
16410,2022-7-21,2022-7-21,0
16420,2022-7-22,2022-7-22,0
16421,2022-7-22,2022-7-22,0
16422,2022-7-22,2022-8-2,11
16425,2022-7-22,2022-7-22,0
16433,2022-7-22,2022-7-26,4
16434,2022-7-22,2022-7-25,3
16435,2022-7-22,2022-7-22,0
16436,2022-7-22,2022-7-22,0
16440,2022-7-25,2022-7-25,0
16441,2022-7-25,2022-7-27,2
16443,2022-7-25,2022-7-28,3
16444,2022-7-25,2022-7-25,0
16446,2022-7-25,2022-8-16,22
16447,2022-7-26,2022-7-26,0
16455,2022-7-26,2022-7-28,2
16456,2022-7-27,2022-7-27,0
16459,2022-7-27,2022-7-27,0
16463,2022-7-27,2022-7-27,0
16464,2022-7-27,2022-7-28,1
16466,2022-7-27,2022-7-27,0
16473,2022-7-27,2022-8-16,20
16479,2022-7-27,2022-7-28,1
16480,2022-7-27,2022-7-27,0
16485,2022-7-28,2022-7-28,0
16487,2022-7-28,2022-7-28,0
16489,2022-7-28,2022-7-28,0
16491,2022-7-28,2022-7-29,1
16492,2022-7-28,2022-7-28,0
16494,2022-7-28,2022-8-3,6
16495,2022-7-28,2022-7-29,1
16497,2022-7-28,2022-8-15,18
16498,2022-7-28,2022-8-2,5
16505,2022-7-29,2022-7-29,0
16506,2022-7-29,2022-8-10,12
16509,2022-7-30,2022-8-1,2
16510,2022-8-1,2022-8-1,0
16514,2022-8-1,2022-8-1,0
16515,2022-8-1,2022-8-1,0
16519,2022-8-1,2022-8-3,2
16520,2022-8-1,2022-8-1,0
16521,2022-8-1,2022-8-2,1
16522,2022-8-1,2022-8-2,1
16525,2022-8-1,2022-8-1,0
16528,2022-8-2,2022-8-2,0
16530,2022-8-2,2022-8-2,0
16534,2022-8-2,2022-8-2,0
16539,2022-8-2,2022-8-10,8
16540,2022-8-2,2022-8-3,1
16541,2022-8-2,2022-8-3,1
16545,2022-8-3,2022-8-4,1
16546,2022-8-3,2022-8-3,0
16549,2022-8-3,2022-8-31,28
16550,2022-8-3,2022-8-4,1
16553,2022-8-3,2022-9-13,41
16555,2022-8-3,2022-8-3,0
16558,2022-8-3,2022-8-3,0
16560,2022-8-3,2022-8-3,0
16563,2022-8-3,2022-8-19,16
16564,2022-8-3,2022-8-15,12
16565,2022-8-3,2022-8-3,0
16566,2022-8-3,2022-8-16,13
16567,2022-8-3,2022-8-4,1
16569,2022-8-3,2022-8-4,1
16573,2022-8-4,2022-8-10,6
16578,2022-8-4,2022-8-4,0
16579,2022-8-4,2022-8-4,0
16586,2022-8-4,2022-8-4,0
16588,2022-8-4,2022-8-4,0
16593,2022-8-4,2022-8-10,6
16594,2022-8-4,2022-8-4,0
16598,2022-8-5,2022-8-8,3
16599,2022-8-5,2022-8-5,0
16600,2022-8-5,2022-8-5,0
16601,2022-8-5,2022-8-8,3
16605,2022-8-5,2022-8-5,0
16606,2022-8-5,2022-8-16,11
16607,2022-8-5,2022-8-5,0
16609,2022-8-5,2022-8-5,0
16613,2022-8-5,2022-8-5,0
16621,2022-8-5,2022-8-18,13
16631,2022-8-8,2022-8-8,0
16633,2022-8-8,2022-8-9,1
16634,2022-8-8,2022-8-9,1
16636,2022-8-9,2022-8-9,0
16638,2022-8-9,2022-8-9,0
16640,2022-8-9,2022-8-9,0
16641,2022-8-9,2022-8-9,0
16642,2022-8-9,2022-8-9,0
16645,2022-8-9,2022-8-12,3
16650,2022-8-9,2022-8-9,0
16653,2022-8-9,2022-8-9,0
16655,2022-8-9,2022-8-9,0
16659,2022-8-9,2022-8-10,1
16660,2022-8-9,2022-8-9,0
16665,2022-8-10,2022-8-12,2
16666,2022-8-10,2022-8-10,0
16668,2022-8-10,2022-9-6,27
16673,2022-8-10,2022-8-11,1
16675,2022-8-10,2022-8-10,0
16676,2022-8-10,2022-9-20,41
16677,2022-8-10,2022-8-23,13
16679,2022-8-11,2022-8-11,0
16683,2022-8-11,2022-8-18,7
16684,2022-8-11,2022-8-15,4
16686,2022-8-11,2022-8-11,0
16687,2022-8-11,2022-8-11,0
16688,2022-8-11,2022-8-25,14
16695,2022-8-11,2022-8-12,1
16699,2022-8-11,2022-8-12,1
16702,2022-8-12,2022-8-23,11
16711,2022-8-12,2022-8-12,0
16714,2022-8-12,2022-8-15,3
16721,2022-8-15,2022-8-15,0
16723,2022-8-15,2022-8-22,7
16730,2022-8-15,2022-8-16,1
16731,2022-8-15,2022-8-16,1
16737,2022-8-16,2022-8-19,3
16739,2022-8-16,2022-8-16,0
16742,2022-8-16,2022-8-22,6
16743,2022-8-16,2022-8-17,1
16745,2022-8-16,2022-8-16,0
16746,2022-8-16,2022-8-16,0
16747,2022-8-16,2022-8-17,1
16749,2022-8-16,2022-8-17,1
16751,2022-8-16,2022-8-16,0
16756,2022-8-16,2022-8-22,6
16760,2022-8-16,2022-8-23,7
16762,2022-8-16,2022-8-23,7
16763,2022-8-17,2022-8-24,7
16764,2022-8-17,2022-8-17,0
16772,2022-8-17,2022-8-23,6
16773,2022-8-17,2022-8-29,12
16774,2022-8-17,2022-8-18,1
16777,2022-8-17,2022-8-18,1
16779,2022-8-18,2022-8-18,0
16780,2022-8-18,2022-8-18,0
16781,2022-8-18,2022-8-18,0
16783,2022-8-18,2022-8-18,0
16787,2022-8-18,2022-9-6,19
16789,2022-8-19,2022-9-6,18
16794,2022-8-19,2022-8-23,4
16795,2022-8-19,2022-8-24,5
16797,2022-8-19,2022-8-25,6
16799,2022-8-19,2022-8-22,3
16803,2022-8-19,2022-8-22,3
16804,2022-8-20,2022-8-22,2
16808,2022-8-22,2022-8-22,0
16809,2022-8-22,2022-8-22,0
16811,2022-8-22,2022-8-23,1
16812,2022-8-22,2022-8-22,0
16813,2022-8-22,2022-8-22,0
16817,2022-8-22,2022-8-22,0
16819,2022-8-22,2022-8-29,7
16821,2022-8-22,2022-8-23,1
16824,2022-8-22,2022-8-22,0
16826,2022-8-22,2022-8-24,2
16827,2022-8-23,2022-8-31,8
16828,2022-8-23,2022-8-26,3
16830,2022-8-23,2022-8-23,0
16834,2022-8-23,2022-8-23,0
16835,2022-8-23,2022-8-23,0
16838,2022-8-23,2022-8-23,0
16840,2022-8-23,2022-8-23,0
16846,2022-8-23,2022-8-23,0
16848,2022-8-23,2022-8-24,1
16849,2022-8-23,2022-8-31,8
16856,2022-8-23,2022-8-31,8
16857,2022-8-23,2022-8-23,0
16859,2022-8-24,2022-8-24,0
16865,2022-8-24,2022-8-24,0
16869,2022-8-24,2022-8-26,2
16871,2022-8-24,2022-8-26,2
16873,2022-8-24,2022-8-31,7
16874,2022-8-24,2022-8-25,1
16877,2022-8-24,2022-8-24,0
16879,2022-8-25,2022-8-25,0
16880,2022-8-25,2022-8-25,0
16881,2022-8-25,2022-8-26,1
16886,2022-8-25,2022-8-26,1
16887,2022-8-25,2022-8-26,1
16888,2022-8-25,2022-8-25,0
16889,2022-8-25,2022-8-25,0
16890,2022-8-25,2022-8-25,0
16892,2022-8-25,2022-8-25,0
16893,2022-8-25,2022-8-25,0
16895,2022-8-26,2022-8-26,0
16900,2022-8-26,2022-8-30,4
16905,2022-8-26,2022-8-26,0
16910,2022-8-26,2022-8-26,0
16911,2022-8-26,2022-8-29,3
16913,2022-8-26,2022-8-26,0
16923,2022-8-29,2022-8-31,2
16925,2022-8-29,2022-9-2,4
16929,2022-8-30,2022-8-30,0
16930,2022-8-30,2022-8-30,0
16934,2022-8-30,2022-8-30,0
16935,2022-8-30,2022-8-31,1
16936,2022-8-30,2022-8-30,0
16937,2022-8-30,2022-8-30,0
16938,2022-8-30,2022-9-1,2
16939,2022-8-30,2022-9-6,7
16940,2022-8-30,2022-8-30,0
16941,2022-8-30,2022-8-30,0
16943,2022-8-30,2022-9-16,17
16946,2022-8-31,2022-8-31,0
16948,2022-8-31,2022-8-31,0
16949,2022-8-31,2022-8-31,0
16950,2022-8-31,2022-8-31,0
16951,2022-8-31,2022-8-31,0
16952,2022-8-31,2022-8-31,0
16953,2022-8-31,2022-9-6,6
16956,2022-8-31,2022-8-31,0
16957,2022-8-31,2022-8-31,0
16958,2022-8-31,2022-8-31,0
16959,2022-8-31,2022-9-7,7
16960,2022-8-31,2022-9-1,1
16964,2022-8-31,2022-8-31,0
16967,2022-8-31,2022-9-1,1
16969,2022-8-31,2022-8-31,0
16970,2022-8-31,2022-9-6,6
16972,2022-9-1,2022-9-8,7
16977,2022-9-1,2022-9-1,0
16978,2022-9-1,2022-9-1,0
16979,2022-9-1,2022-9-1,0
16981,2022-9-1,2022-9-7,6
16982,2022-9-1,2022-9-9,8
16983,2022-9-1,2022-9-1,0
16984,2022-9-1,2022-9-1,0
16986,2022-9-1,2022-9-1,0
16987,2022-9-1,2022-9-1,0
16988,2022-9-1,2022-9-6,5
16991,2022-9-2,2022-9-2,0
16992,2022-9-2,2022-9-2,0
16993,2022-9-2,2022-9-7,5
16994,2022-9-2,2022-9-2,0
16995,2022-9-2,2022-9-6,4
17000,2022-9-2,2022-9-2,0
17001,2022-9-2,2022-9-6,4
17005,2022-9-2,2022-9-6,4
17008,2022-9-4,2022-9-12,8
17015,2022-9-5,2022-9-9,4
17019,2022-9-6,2022-9-6,0
17021,2022-9-6,2022-9-6,0
17023,2022-9-6,2022-9-8,2
17024,2022-9-6,2022-9-6,0
17025,2022-9-6,2022-9-6,0
17026,2022-9-6,2022-9-6,0
17028,2022-9-6,2022-9-7,1
17031,2022-9-6,2022-9-6,0
17032,2022-9-6,2022-9-7,1
17034,2022-9-6,2022-9-7,1
17036,2022-9-6,2022-9-7,1
17037,2022-9-6,2022-9-7,1
17038,2022-9-7,2022-9-7,0
17045,2022-9-7,2022-9-13,6
17046,2022-9-7,2022-9-7,0
17048,2022-9-7,2022-9-7,0
17049,2022-9-7,2022-9-7,0
17052,2022-9-7,2022-9-8,1
17053,2022-9-7,2022-9-7,0
17054,2022-9-7,2022-9-10,3
17055,2022-9-7,2022-9-8,1
17058,2022-9-8,2022-9-8,0
17059,2022-9-8,2022-9-8,0
17060,2022-9-8,2022-9-14,6
17066,2022-9-8,2022-9-8,0
17070,2022-9-8,2022-9-9,1
17071,2022-9-8,2022-9-9,1
17072,2022-9-8,2022-9-8,0
17073,2022-9-8,2022-9-15,7
17075,2022-9-9,2022-9-9,0
17077,2022-9-9,2022-9-9,0
17078,2022-9-9,2022-9-15,6
17079,2022-9-9,2022-9-9,0
17080,2022-9-9,2022-9-9,0
17085,2022-9-9,2022-9-12,3
17087,2022-9-9,2022-9-9,0
17088,2022-9-9,2022-9-15,6
17089,2022-9-9,2022-9-9,0
17091,2022-9-9,2022-9-15,6
17092,2022-9-9,2022-9-9,0
17094,2022-9-9,2022-9-12,3
17096,2022-9-9,2022-9-16,7
17097,2022-9-10,2022-9-12,2
17099,2022-9-12,2022-9-14,2
17102,2022-9-12,2022-9-14,2
17103,2022-9-12,2022-9-13,1
17105,2022-9-12,2022-9-13,1
17106,2022-9-12,2022-9-13,1
17116,2022-9-13,2022-9-13,0
17118,2022-9-13,2022-9-13,0
17120,2022-9-13,2022-9-13,0
17122,2022-9-13,2022-9-14,1
17124,2022-9-13,2022-9-13,0
17128,2022-9-14,2022-9-14,0
17131,2022-9-14,2022-9-14,0
17133,2022-9-14,2022-9-19,5
17134,2022-9-14,2022-9-14,0
17136,2022-9-14,2022-9-16,2
17137,2022-9-14,2022-9-14,0
17138,2022-9-14,2022-9-14,0
17139,2022-9-14,2022-9-15,1
17140,2022-9-14,2022-9-19,5
17143,2022-9-14,2022-9-15,1
17145,2022-9-15,2022-9-15,0
17146,2022-9-15,2022-9-15,0
17151,2022-9-15,2022-9-16,1
17152,2022-9-15,2022-9-16,1
17153,2022-9-15,2022-9-19,4
17154,2022-9-15,2022-9-15,0
17157,2022-9-15,2022-9-16,1
17159,2022-9-15,2022-9-15,0
17160,2022-9-15,2022-9-16,1
17161,2022-9-16,2022-9-16,0
17163,2022-9-16,2022-9-16,0
17164,2022-9-16,2022-9-16,0
17165,2022-9-16,2022-9-16,0
17168,2022-9-16,2022-9-16,0
17170,2022-9-16,2022-9-16,0
17171,2022-9-16,2022-9-20,4
17172,2022-9-16,2022-9-16,0
17173,2022-9-16,2022-9-16,0
17174,2022-9-16,2022-9-16,0
17175,2022-9-16,2022-9-19,3
17176,2022-9-16,2022-9-16,0
17178,2022-9-16,2022-9-19,3
17179,2022-9-16,2022-9-19,3
17180,2022-9-16,2022-9-19,3
17181,2022-9-16,2022-9-19,3
17182,2022-9-17,2022-9-21,4
17185,2022-9-19,2022-9-19,0
17187,2022-9-19,2022-9-20,1
17188,2022-9-19,2022-9-19,0
17190,2022-9-19,2022-9-19,0
17192,2022-9-19,2022-9-19,0
17194,2022-9-19,2022-9-19,0
17195,2022-9-19,2022-9-20,1
17196,2022-9-19,2022-9-19,0
17197,2022-9-19,2022-9-19,0
17199,2022-9-19,2022-9-19,0
17200,2022-9-19,2022-9-19,0
17201,2022-9-19,2022-9-19,0
17202,2022-9-19,2022-9-19,0
17203,2022-9-19,2022-9-19,0
17204,2022-9-19,2022-9-20,1
17205,2022-9-19,2022-9-19,0
17208,2022-9-19,2022-9-20,1
17210,2022-9-19,2022-9-20,1
17211,2022-9-19,2022-9-19,0
17212,2022-9-19,2022-9-19,0
17213,2022-9-19,2022-9-19,0
17214,2022-9-19,2022-9-19,0
17215,2022-9-19,2022-9-19,0
17222,2022-9-20,2022-9-20,0
17223,2022-9-20,2022-9-20,0
17224,2022-9-20,2022-9-20,0
17227,2022-9-20,2022-9-20,0
17228,2022-9-20,2022-9-20,0
17229,2022-9-20,2022-9-21,1
17233,2022-9-20,2022-9-20,0
17234,2022-9-20,2022-9-20,0
17235,2022-9-20,2022-9-20,0
17236,2022-9-20,2022-9-20,0
17239,2022-9-20,2022-9-21,1
17240,2022-9-20,2022-9-20,0
17241,2022-9-20,2022-9-20,0
17245,2022-9-21,2022-9-21,0
17247,2022-9-21,2022-9-21,0
17249,2022-9-21,2022-9-21,0
17251,2022-9-21,2022-9-21,0
17252,2022-9-21,2022-9-21,0
17254,2022-9-21,2022-9-21,0
17255,2022-9-21,2022-9-21,0
17257,2022-9-21,2022-9-21,0
17259,2022-9-21,2022-9-21,0
17266,2022-9-21,2022-9-21,0
17270,2022-9-22,2022-9-22,0
